/* Jeu de données RÉELLES (en partie généré via le site filldb.info) */

-- 5 Administrateurs (mot de passe : "Motdepasse#1")
INSERT INTO ADMINISTRATEUR (IDADMIN, NOMADMIN, PRENOMADMIN, MAILADMIN, MDPADMIN, DATECOMPTEADMIN) VALUES (1, 'Wyman', 'Zack', 'wmorissette@labadie.org', '$2y$10$9oAWcWxulEEtw654XGmqH.OsAliM3aHs88hcqijXhzjzfwIb75bGa', TO_DATE('1992-07-04 23:05:34', 'yyyy-mm-dd hh24:mi:ss'));
INSERT INTO ADMINISTRATEUR (IDADMIN, NOMADMIN, PRENOMADMIN, MAILADMIN, MDPADMIN, DATECOMPTEADMIN) VALUES (2, 'Zboncak', 'Ken', 'carolyne26@crooks.com', '$2y$10$9oAWcWxulEEtw654XGmqH.OsAliM3aHs88hcqijXhzjzfwIb75bGa', TO_DATE('1980-11-10 13:39:32', 'yyyy-mm-dd hh24:mi:ss'));
INSERT INTO ADMINISTRATEUR (IDADMIN, NOMADMIN, PRENOMADMIN, MAILADMIN, MDPADMIN, DATECOMPTEADMIN) VALUES (3, 'Erdman', 'Salvador', 'mercedes.cole@hotmail.com', '$2y$10$9oAWcWxulEEtw654XGmqH.OsAliM3aHs88hcqijXhzjzfwIb75bGa', TO_DATE('1998-06-06 18:13:51', 'yyyy-mm-dd hh24:mi:ss'));
INSERT INTO ADMINISTRATEUR (IDADMIN, NOMADMIN, PRENOMADMIN, MAILADMIN, MDPADMIN, DATECOMPTEADMIN) VALUES (4, 'Grimes', 'Reva', 'omari.cassin@ferrycassin.biz', '$2y$10$9oAWcWxulEEtw654XGmqH.OsAliM3aHs88hcqijXhzjzfwIb75bGa', TO_DATE('1982-01-14 07:17:29', 'yyyy-mm-dd hh24:mi:ss'));
INSERT INTO ADMINISTRATEUR (IDADMIN, NOMADMIN, PRENOMADMIN, MAILADMIN, MDPADMIN, DATECOMPTEADMIN) VALUES (5, 'Kling', 'Jade', 'padberg.barton@oharagerlach.in', '$2y$10$9oAWcWxulEEtw654XGmqH.OsAliM3aHs88hcqijXhzjzfwIb75bGa', TO_DATE('1987-12-18 14:07:12', 'yyyy-mm-dd hh24:mi:ss'));

-- 50 Clients (mot de passe : "Motdepasse#1")
INSERT INTO CLIENT (IDCLIENT, NOMCLIENT, PRENOMCLIENT, MAILCLIENT, MDPCLIENT, ADRESSECLIENT, DATECOMPTECLIENT, ACCEPTERANNONCECLIENT) VALUES (1, 'Senger', 'Deron', 'ullrich.ramiro@zemlak.com', '$2y$10$9oAWcWxulEEtw654XGmqH.OsAliM3aHs88hcqijXhzjzfwIb75bGa', '998 Ritchie Lake Suite 051\nPor', TO_DATE('1987-09-01 23:52:51', 'yyyy-mm-dd hh24:mi:ss'), 0);
INSERT INTO CLIENT (IDCLIENT, NOMCLIENT, PRENOMCLIENT, MAILCLIENT, MDPCLIENT, ADRESSECLIENT, DATECOMPTECLIENT, ACCEPTERANNONCECLIENT) VALUES (2, 'Dietrich', 'Amelia', 'deckow.freddie@hotmail.com', '$2y$10$9oAWcWxulEEtw654XGmqH.OsAliM3aHs88hcqijXhzjzfwIb75bGa', '7488 Vesta Avenue\nSouth Dangel', TO_DATE('1978-05-06 20:38:07', 'yyyy-mm-dd hh24:mi:ss'), 0);
INSERT INTO CLIENT (IDCLIENT, NOMCLIENT, PRENOMCLIENT, MAILCLIENT, MDPCLIENT, ADRESSECLIENT, DATECOMPTECLIENT, ACCEPTERANNONCECLIENT) VALUES (3, 'Dickens', 'Immanuel', 'addie67@veumbeier.com', '$2y$10$9oAWcWxulEEtw654XGmqH.OsAliM3aHs88hcqijXhzjzfwIb75bGa', '00143 Vella Estates\nRatkeberg,', TO_DATE('2015-08-30 11:27:39', 'yyyy-mm-dd hh24:mi:ss'), 0);
INSERT INTO CLIENT (IDCLIENT, NOMCLIENT, PRENOMCLIENT, MAILCLIENT, MDPCLIENT, ADRESSECLIENT, DATECOMPTECLIENT, ACCEPTERANNONCECLIENT) VALUES (4, 'Rohan', 'Kendra', 'kian77@zulauf.com', '$2y$10$9oAWcWxulEEtw654XGmqH.OsAliM3aHs88hcqijXhzjzfwIb75bGa', '407 Morissette Prairie Suite 6', TO_DATE('1990-03-29 23:09:33', 'yyyy-mm-dd hh24:mi:ss'), 1);
INSERT INTO CLIENT (IDCLIENT, NOMCLIENT, PRENOMCLIENT, MAILCLIENT, MDPCLIENT, ADRESSECLIENT, DATECOMPTECLIENT, ACCEPTERANNONCECLIENT) VALUES (5, 'McDermott', 'Adolphus', 'bailey73@gmail.com', '$2y$10$9oAWcWxulEEtw654XGmqH.OsAliM3aHs88hcqijXhzjzfwIb75bGa', '037 Hoppe Springs\nVivianstad, ', TO_DATE('2019-10-01 19:01:43', 'yyyy-mm-dd hh24:mi:ss'), 0);
INSERT INTO CLIENT (IDCLIENT, NOMCLIENT, PRENOMCLIENT, MAILCLIENT, MDPCLIENT, ADRESSECLIENT, DATECOMPTECLIENT, ACCEPTERANNONCECLIENT) VALUES (6, 'Harris', 'Jovanny', 'vbuckridge@zboncak.info', '$2y$10$9oAWcWxulEEtw654XGmqH.OsAliM3aHs88hcqijXhzjzfwIb75bGa', '815 Aditya Corner\nFriesenhaven', TO_DATE('2022-07-06 03:53:52', 'yyyy-mm-dd hh24:mi:ss'), 0);
INSERT INTO CLIENT (IDCLIENT, NOMCLIENT, PRENOMCLIENT, MAILCLIENT, MDPCLIENT, ADRESSECLIENT, DATECOMPTECLIENT, ACCEPTERANNONCECLIENT) VALUES (7, 'Heidenreich', 'Camille', 'aniya.murphy@yahoo.com', '$2y$10$9oAWcWxulEEtw654XGmqH.OsAliM3aHs88hcqijXhzjzfwIb75bGa', '59729 Caden Drive Apt. 006\nGer', TO_DATE('2020-12-23 15:08:17', 'yyyy-mm-dd hh24:mi:ss'), 0);
INSERT INTO CLIENT (IDCLIENT, NOMCLIENT, PRENOMCLIENT, MAILCLIENT, MDPCLIENT, ADRESSECLIENT, DATECOMPTECLIENT, ACCEPTERANNONCECLIENT) VALUES (8, 'Lesch', 'Elmira', 'zkunze@yahoo.com', '$2y$10$9oAWcWxulEEtw654XGmqH.OsAliM3aHs88hcqijXhzjzfwIb75bGa', '220 Maggio Fords Suite 587\nFri', TO_DATE('1978-12-31 09:23:23', 'yyyy-mm-dd hh24:mi:ss'), 0);
INSERT INTO CLIENT (IDCLIENT, NOMCLIENT, PRENOMCLIENT, MAILCLIENT, MDPCLIENT, ADRESSECLIENT, DATECOMPTECLIENT, ACCEPTERANNONCECLIENT) VALUES (9, 'Bernhard', 'Angel', 'vonrueden.merritt@gmail.com', '$2y$10$9oAWcWxulEEtw654XGmqH.OsAliM3aHs88hcqijXhzjzfwIb75bGa', '83948 Abagail Courts\nEdwardvil', TO_DATE('1976-04-07 11:52:49', 'yyyy-mm-dd hh24:mi:ss'), 0);
INSERT INTO CLIENT (IDCLIENT, NOMCLIENT, PRENOMCLIENT, MAILCLIENT, MDPCLIENT, ADRESSECLIENT, DATECOMPTECLIENT, ACCEPTERANNONCECLIENT) VALUES (10, 'Hyatt', 'Vesta', 'elise.hammes@hotmail.com', '$2y$10$9oAWcWxulEEtw654XGmqH.OsAliM3aHs88hcqijXhzjzfwIb75bGa', '4260 Pfeffer Stream\nNorth Keny', TO_DATE('2011-01-16 04:41:21', 'yyyy-mm-dd hh24:mi:ss'), 1);
INSERT INTO CLIENT (IDCLIENT, NOMCLIENT, PRENOMCLIENT, MAILCLIENT, MDPCLIENT, ADRESSECLIENT, DATECOMPTECLIENT, ACCEPTERANNONCECLIENT) VALUES (11, 'Crooks', 'Cayla', 'volkman.khalid@hotmail.com', '$2y$10$9oAWcWxulEEtw654XGmqH.OsAliM3aHs88hcqijXhzjzfwIb75bGa', '186 Mariela Plains Suite 206\nB', TO_DATE('2006-05-31 12:46:32', 'yyyy-mm-dd hh24:mi:ss'), 0);
INSERT INTO CLIENT (IDCLIENT, NOMCLIENT, PRENOMCLIENT, MAILCLIENT, MDPCLIENT, ADRESSECLIENT, DATECOMPTECLIENT, ACCEPTERANNONCECLIENT) VALUES (12, 'Aufderhar', 'Marjolaine', 'funk.vivian@parker.com', '$2y$10$9oAWcWxulEEtw654XGmqH.OsAliM3aHs88hcqijXhzjzfwIb75bGa', '22533 Montana Corner\nTianafurt', TO_DATE('1975-08-04 13:28:05', 'yyyy-mm-dd hh24:mi:ss'), 1);
INSERT INTO CLIENT (IDCLIENT, NOMCLIENT, PRENOMCLIENT, MAILCLIENT, MDPCLIENT, ADRESSECLIENT, DATECOMPTECLIENT, ACCEPTERANNONCECLIENT) VALUES (13, 'Stokes', 'Melody', 'swift.eliezer@kuhlmanhessel.co', '$2y$10$9oAWcWxulEEtw654XGmqH.OsAliM3aHs88hcqijXhzjzfwIb75bGa', '2767 Ardith Ridge Apt. 516\nEla', TO_DATE('1971-05-12 01:23:33', 'yyyy-mm-dd hh24:mi:ss'), 1);
INSERT INTO CLIENT (IDCLIENT, NOMCLIENT, PRENOMCLIENT, MAILCLIENT, MDPCLIENT, ADRESSECLIENT, DATECOMPTECLIENT, ACCEPTERANNONCECLIENT) VALUES (14, 'Price', 'Anahi', 'xdoyle@jaskolskiwillms.com', '$2y$10$9oAWcWxulEEtw654XGmqH.OsAliM3aHs88hcqijXhzjzfwIb75bGa', '76457 Steuber Summit Suite 010', TO_DATE('1990-10-06 13:40:20', 'yyyy-mm-dd hh24:mi:ss'), 0);
INSERT INTO CLIENT (IDCLIENT, NOMCLIENT, PRENOMCLIENT, MAILCLIENT, MDPCLIENT, ADRESSECLIENT, DATECOMPTECLIENT, ACCEPTERANNONCECLIENT) VALUES (15, 'Gusikowski', 'Anjali', 'jacobs.madelynn@gislason.biz', '$2y$10$9oAWcWxulEEtw654XGmqH.OsAliM3aHs88hcqijXhzjzfwIb75bGa', '617 Quitzon Extensions Apt. 70', TO_DATE('2019-04-11 10:27:30', 'yyyy-mm-dd hh24:mi:ss'), 1);
INSERT INTO CLIENT (IDCLIENT, NOMCLIENT, PRENOMCLIENT, MAILCLIENT, MDPCLIENT, ADRESSECLIENT, DATECOMPTECLIENT, ACCEPTERANNONCECLIENT) VALUES (16, 'Eichmann', 'Giuseppe', 'selmer44@mante.org', '$2y$10$9oAWcWxulEEtw654XGmqH.OsAliM3aHs88hcqijXhzjzfwIb75bGa', '309 Rylee Ville Suite 055\nOraf', TO_DATE('1972-07-01 04:31:41', 'yyyy-mm-dd hh24:mi:ss'), 1);
INSERT INTO CLIENT (IDCLIENT, NOMCLIENT, PRENOMCLIENT, MAILCLIENT, MDPCLIENT, ADRESSECLIENT, DATECOMPTECLIENT, ACCEPTERANNONCECLIENT) VALUES (17, 'Kiehn', 'Bettie', 'nwalker@yahoo.com', '$2y$10$9oAWcWxulEEtw654XGmqH.OsAliM3aHs88hcqijXhzjzfwIb75bGa', '93422 Lilla Flat\nEast Annetta,', TO_DATE('2000-02-20 21:21:06', 'yyyy-mm-dd hh24:mi:ss'), 1);
INSERT INTO CLIENT (IDCLIENT, NOMCLIENT, PRENOMCLIENT, MAILCLIENT, MDPCLIENT, ADRESSECLIENT, DATECOMPTECLIENT, ACCEPTERANNONCECLIENT) VALUES (18, 'Lebsack', 'Dewayne', 'lkulas@yahoo.com', '$2y$10$9oAWcWxulEEtw654XGmqH.OsAliM3aHs88hcqijXhzjzfwIb75bGa', '13408 General Points Suite 185', TO_DATE('1989-11-25 01:41:50', 'yyyy-mm-dd hh24:mi:ss'), 0);
INSERT INTO CLIENT (IDCLIENT, NOMCLIENT, PRENOMCLIENT, MAILCLIENT, MDPCLIENT, ADRESSECLIENT, DATECOMPTECLIENT, ACCEPTERANNONCECLIENT) VALUES (19, 'Rath', 'Addie', 'margarita98@emmerich.com', '$2y$10$9oAWcWxulEEtw654XGmqH.OsAliM3aHs88hcqijXhzjzfwIb75bGa', '41087 Turner Creek\nPort Chandl', TO_DATE('1982-01-07 19:06:56', 'yyyy-mm-dd hh24:mi:ss'), 0);
INSERT INTO CLIENT (IDCLIENT, NOMCLIENT, PRENOMCLIENT, MAILCLIENT, MDPCLIENT, ADRESSECLIENT, DATECOMPTECLIENT, ACCEPTERANNONCECLIENT) VALUES (20, 'Wilkinson', 'Alexandrine', 'reed34@yahoo.com', '$2y$10$9oAWcWxulEEtw654XGmqH.OsAliM3aHs88hcqijXhzjzfwIb75bGa', '31462 Balistreri Parkways\nLake', TO_DATE('2003-10-31 22:58:07', 'yyyy-mm-dd hh24:mi:ss'), 0);
INSERT INTO CLIENT (IDCLIENT, NOMCLIENT, PRENOMCLIENT, MAILCLIENT, MDPCLIENT, ADRESSECLIENT, DATECOMPTECLIENT, ACCEPTERANNONCECLIENT) VALUES (21, 'Metz', 'Frederick', 'torp.alysson@yahoo.com', '$2y$10$9oAWcWxulEEtw654XGmqH.OsAliM3aHs88hcqijXhzjzfwIb75bGa', '06300 Cartwright Circles\nWest ', TO_DATE('2022-12-07 07:22:24', 'yyyy-mm-dd hh24:mi:ss'), 1);
INSERT INTO CLIENT (IDCLIENT, NOMCLIENT, PRENOMCLIENT, MAILCLIENT, MDPCLIENT, ADRESSECLIENT, DATECOMPTECLIENT, ACCEPTERANNONCECLIENT) VALUES (22, 'Herman', 'Rasheed', 'mraz.dovie@hotmail.com', '$2y$10$9oAWcWxulEEtw654XGmqH.OsAliM3aHs88hcqijXhzjzfwIb75bGa', '2238 Eliseo Land Apt. 160\nEast', TO_DATE('2020-10-01 11:27:57', 'yyyy-mm-dd hh24:mi:ss'), 0);
INSERT INTO CLIENT (IDCLIENT, NOMCLIENT, PRENOMCLIENT, MAILCLIENT, MDPCLIENT, ADRESSECLIENT, DATECOMPTECLIENT, ACCEPTERANNONCECLIENT) VALUES (23, 'Stroman', 'Hilda', 'cordelia86@gmail.com', '$2y$10$9oAWcWxulEEtw654XGmqH.OsAliM3aHs88hcqijXhzjzfwIb75bGa', '795 Boyle Shore Suite 160\nCorm', TO_DATE('2003-12-10 03:39:24', 'yyyy-mm-dd hh24:mi:ss'), 0);
INSERT INTO CLIENT (IDCLIENT, NOMCLIENT, PRENOMCLIENT, MAILCLIENT, MDPCLIENT, ADRESSECLIENT, DATECOMPTECLIENT, ACCEPTERANNONCECLIENT) VALUES (24, 'Doyle', 'Nellie', 'jbogan@krisstiedemann.biz', '$2y$10$9oAWcWxulEEtw654XGmqH.OsAliM3aHs88hcqijXhzjzfwIb75bGa', '08066 Josh Spurs\nWest Kendrick', TO_DATE('2021-03-23 04:44:49', 'yyyy-mm-dd hh24:mi:ss'), 1);
INSERT INTO CLIENT (IDCLIENT, NOMCLIENT, PRENOMCLIENT, MAILCLIENT, MDPCLIENT, ADRESSECLIENT, DATECOMPTECLIENT, ACCEPTERANNONCECLIENT) VALUES (25, 'Weissnat', 'Paige', 'sadie.mante@gmail.com', '$2y$10$9oAWcWxulEEtw654XGmqH.OsAliM3aHs88hcqijXhzjzfwIb75bGa', '754 Rempel Brook\nNorth Miller,', TO_DATE('2008-10-30 11:05:25', 'yyyy-mm-dd hh24:mi:ss'), 1);
INSERT INTO CLIENT (IDCLIENT, NOMCLIENT, PRENOMCLIENT, MAILCLIENT, MDPCLIENT, ADRESSECLIENT, DATECOMPTECLIENT, ACCEPTERANNONCECLIENT) VALUES (26, 'VonRueden', 'August', 'emmerich.ewald@yahoo.com', '$2y$10$9oAWcWxulEEtw654XGmqH.OsAliM3aHs88hcqijXhzjzfwIb75bGa', '39859 Pollich Ridge\nEast Donni', TO_DATE('1994-06-10 04:06:30', 'yyyy-mm-dd hh24:mi:ss'), 0);
INSERT INTO CLIENT (IDCLIENT, NOMCLIENT, PRENOMCLIENT, MAILCLIENT, MDPCLIENT, ADRESSECLIENT, DATECOMPTECLIENT, ACCEPTERANNONCECLIENT) VALUES (27, 'Renner', 'Petra', 'genevieve.casper@hotmail.com', '$2y$10$9oAWcWxulEEtw654XGmqH.OsAliM3aHs88hcqijXhzjzfwIb75bGa', '154 Callie Island\nTrantowfurt,', TO_DATE('2015-10-26 01:43:48', 'yyyy-mm-dd hh24:mi:ss'), 1);
INSERT INTO CLIENT (IDCLIENT, NOMCLIENT, PRENOMCLIENT, MAILCLIENT, MDPCLIENT, ADRESSECLIENT, DATECOMPTECLIENT, ACCEPTERANNONCECLIENT) VALUES (28, 'Jacobs', 'Loy', 'ucummings@hotmail.com', '$2y$10$9oAWcWxulEEtw654XGmqH.OsAliM3aHs88hcqijXhzjzfwIb75bGa', '3829 Barton Circle Apt. 021\nSe', TO_DATE('1975-11-15 02:20:10', 'yyyy-mm-dd hh24:mi:ss'), 1);
INSERT INTO CLIENT (IDCLIENT, NOMCLIENT, PRENOMCLIENT, MAILCLIENT, MDPCLIENT, ADRESSECLIENT, DATECOMPTECLIENT, ACCEPTERANNONCECLIENT) VALUES (29, 'Vandervort', 'Susan', 'adella90@gmail.com', '$2y$10$9oAWcWxulEEtw654XGmqH.OsAliM3aHs88hcqijXhzjzfwIb75bGa', '786 Huels Rapid\nNew Esta, AR 6', TO_DATE('2003-12-22 19:07:08', 'yyyy-mm-dd hh24:mi:ss'), 1);
INSERT INTO CLIENT (IDCLIENT, NOMCLIENT, PRENOMCLIENT, MAILCLIENT, MDPCLIENT, ADRESSECLIENT, DATECOMPTECLIENT, ACCEPTERANNONCECLIENT) VALUES (30, 'Haley', 'Urban', 'athena71@yahoo.com', '$2y$10$9oAWcWxulEEtw654XGmqH.OsAliM3aHs88hcqijXhzjzfwIb75bGa', '6529 Travon Summit Apt. 519\nWe', TO_DATE('1990-06-18 21:15:04', 'yyyy-mm-dd hh24:mi:ss'), 0);
INSERT INTO CLIENT (IDCLIENT, NOMCLIENT, PRENOMCLIENT, MAILCLIENT, MDPCLIENT, ADRESSECLIENT, DATECOMPTECLIENT, ACCEPTERANNONCECLIENT) VALUES (31, 'Blanda', 'Titus', 'carrie.wyman@oconnerglover.com', '$2y$10$9oAWcWxulEEtw654XGmqH.OsAliM3aHs88hcqijXhzjzfwIb75bGa', '4064 Kulas Haven\nEast Cecelia,', TO_DATE('2003-10-20 14:18:43', 'yyyy-mm-dd hh24:mi:ss'), 1);
INSERT INTO CLIENT (IDCLIENT, NOMCLIENT, PRENOMCLIENT, MAILCLIENT, MDPCLIENT, ADRESSECLIENT, DATECOMPTECLIENT, ACCEPTERANNONCECLIENT) VALUES (32, 'Senger', 'Alessandra', 'damien.turner@hotmail.com', '$2y$10$9oAWcWxulEEtw654XGmqH.OsAliM3aHs88hcqijXhzjzfwIb75bGa', '83546 Adams Station Apt. 117\nS', TO_DATE('2009-06-26 05:23:03', 'yyyy-mm-dd hh24:mi:ss'), 1);
INSERT INTO CLIENT (IDCLIENT, NOMCLIENT, PRENOMCLIENT, MAILCLIENT, MDPCLIENT, ADRESSECLIENT, DATECOMPTECLIENT, ACCEPTERANNONCECLIENT) VALUES (33, 'Satterfield', 'Bell', 'vicente.hartmann@smith.net', '$2y$10$9oAWcWxulEEtw654XGmqH.OsAliM3aHs88hcqijXhzjzfwIb75bGa', '93558 Orion Plains\nFeeneyport,', TO_DATE('1989-10-27 11:29:56', 'yyyy-mm-dd hh24:mi:ss'), 1);
INSERT INTO CLIENT (IDCLIENT, NOMCLIENT, PRENOMCLIENT, MAILCLIENT, MDPCLIENT, ADRESSECLIENT, DATECOMPTECLIENT, ACCEPTERANNONCECLIENT) VALUES (34, 'Aufderhar', 'Katelynn', 'milton.luettgen@yahoo.com', '$2y$10$9oAWcWxulEEtw654XGmqH.OsAliM3aHs88hcqijXhzjzfwIb75bGa', '7410 Kuhn Road\nSincereburgh, S', TO_DATE('2006-10-23 22:14:22', 'yyyy-mm-dd hh24:mi:ss'), 1);
INSERT INTO CLIENT (IDCLIENT, NOMCLIENT, PRENOMCLIENT, MAILCLIENT, MDPCLIENT, ADRESSECLIENT, DATECOMPTECLIENT, ACCEPTERANNONCECLIENT) VALUES (35, 'Casper', 'Vicky', 'otha02@gmail.com', '$2y$10$9oAWcWxulEEtw654XGmqH.OsAliM3aHs88hcqijXhzjzfwIb75bGa', '701 Bartell Trail Apt. 186\nEth', TO_DATE('1975-08-20 00:35:22', 'yyyy-mm-dd hh24:mi:ss'), 1);
INSERT INTO CLIENT (IDCLIENT, NOMCLIENT, PRENOMCLIENT, MAILCLIENT, MDPCLIENT, ADRESSECLIENT, DATECOMPTECLIENT, ACCEPTERANNONCECLIENT) VALUES (36, 'Blanda', 'Darius', 'naomi18@pouros.org', '$2y$10$9oAWcWxulEEtw654XGmqH.OsAliM3aHs88hcqijXhzjzfwIb75bGa', '27819 Cora Streets Suite 811\nS', TO_DATE('2009-11-22 23:03:32', 'yyyy-mm-dd hh24:mi:ss'), 1);
INSERT INTO CLIENT (IDCLIENT, NOMCLIENT, PRENOMCLIENT, MAILCLIENT, MDPCLIENT, ADRESSECLIENT, DATECOMPTECLIENT, ACCEPTERANNONCECLIENT) VALUES (37, 'Wisoky', 'Rosetta', 'rzulauf@gmail.com', '$2y$10$9oAWcWxulEEtw654XGmqH.OsAliM3aHs88hcqijXhzjzfwIb75bGa', '74876 Alyce Valleys\nLake Deanv', TO_DATE('1970-03-28 15:37:03', 'yyyy-mm-dd hh24:mi:ss'), 0);
INSERT INTO CLIENT (IDCLIENT, NOMCLIENT, PRENOMCLIENT, MAILCLIENT, MDPCLIENT, ADRESSECLIENT, DATECOMPTECLIENT, ACCEPTERANNONCECLIENT) VALUES (38, 'Bogisich', 'Twila', 'beatty.ignatius@yahoo.com', '$2y$10$9oAWcWxulEEtw654XGmqH.OsAliM3aHs88hcqijXhzjzfwIb75bGa', '24642 Eichmann Hills Suite 093', TO_DATE('1998-03-20 03:17:41', 'yyyy-mm-dd hh24:mi:ss'), 0);
INSERT INTO CLIENT (IDCLIENT, NOMCLIENT, PRENOMCLIENT, MAILCLIENT, MDPCLIENT, ADRESSECLIENT, DATECOMPTECLIENT, ACCEPTERANNONCECLIENT) VALUES (39, 'Baumbach', 'Lilly', 'nyasia16@dietrich.com', '$2y$10$9oAWcWxulEEtw654XGmqH.OsAliM3aHs88hcqijXhzjzfwIb75bGa', '2858 Champlin Fork\nEast Antoin', TO_DATE('1970-03-27 02:55:51', 'yyyy-mm-dd hh24:mi:ss'), 0);
INSERT INTO CLIENT (IDCLIENT, NOMCLIENT, PRENOMCLIENT, MAILCLIENT, MDPCLIENT, ADRESSECLIENT, DATECOMPTECLIENT, ACCEPTERANNONCECLIENT) VALUES (40, 'Fadel', 'Kaela', 'ocie.abbott@sipes.org', '$2y$10$9oAWcWxulEEtw654XGmqH.OsAliM3aHs88hcqijXhzjzfwIb75bGa', '92099 Turcotte Avenue\nHoegervi', TO_DATE('1987-06-21 19:01:08', 'yyyy-mm-dd hh24:mi:ss'), 0);
INSERT INTO CLIENT (IDCLIENT, NOMCLIENT, PRENOMCLIENT, MAILCLIENT, MDPCLIENT, ADRESSECLIENT, DATECOMPTECLIENT, ACCEPTERANNONCECLIENT) VALUES (41, 'Bernhard', 'Estella', 'clemens.monahan@gmail.com', '$2y$10$9oAWcWxulEEtw654XGmqH.OsAliM3aHs88hcqijXhzjzfwIb75bGa', '02062 Kutch Mountain Suite 291', TO_DATE('2003-04-13 23:25:00', 'yyyy-mm-dd hh24:mi:ss'), 1);
INSERT INTO CLIENT (IDCLIENT, NOMCLIENT, PRENOMCLIENT, MAILCLIENT, MDPCLIENT, ADRESSECLIENT, DATECOMPTECLIENT, ACCEPTERANNONCECLIENT) VALUES (42, 'Rutherford', 'Trisha', 'denesik.fae@gleichner.com', '$2y$10$9oAWcWxulEEtw654XGmqH.OsAliM3aHs88hcqijXhzjzfwIb75bGa', '01558 Ariane Glen Apt. 315\nLup', TO_DATE('1987-04-02 19:27:27', 'yyyy-mm-dd hh24:mi:ss'), 1);
INSERT INTO CLIENT (IDCLIENT, NOMCLIENT, PRENOMCLIENT, MAILCLIENT, MDPCLIENT, ADRESSECLIENT, DATECOMPTECLIENT, ACCEPTERANNONCECLIENT) VALUES (43, 'Welch', 'Samanta', 'jerde.evangeline@gmail.com', '$2y$10$9oAWcWxulEEtw654XGmqH.OsAliM3aHs88hcqijXhzjzfwIb75bGa', '2862 Whitney Rue\nTorphyfurt, M', TO_DATE('2004-03-14 06:01:20', 'yyyy-mm-dd hh24:mi:ss'), 1);
INSERT INTO CLIENT (IDCLIENT, NOMCLIENT, PRENOMCLIENT, MAILCLIENT, MDPCLIENT, ADRESSECLIENT, DATECOMPTECLIENT, ACCEPTERANNONCECLIENT) VALUES (44, 'Kirlin', 'Bartholome', 'upton.leilani@schmitt.com', '$2y$10$9oAWcWxulEEtw654XGmqH.OsAliM3aHs88hcqijXhzjzfwIb75bGa', '305 Georgette Way\nNonastad, MS', TO_DATE('2008-02-15 22:58:11', 'yyyy-mm-dd hh24:mi:ss'), 1);
INSERT INTO CLIENT (IDCLIENT, NOMCLIENT, PRENOMCLIENT, MAILCLIENT, MDPCLIENT, ADRESSECLIENT, DATECOMPTECLIENT, ACCEPTERANNONCECLIENT) VALUES (45, 'Auer', 'Omer', 'bobbie20@fritschschultz.org', '$2y$10$9oAWcWxulEEtw654XGmqH.OsAliM3aHs88hcqijXhzjzfwIb75bGa', '594 Klocko Locks\nKellieport, H', TO_DATE('1970-10-25 03:26:57', 'yyyy-mm-dd hh24:mi:ss'), 1);
INSERT INTO CLIENT (IDCLIENT, NOMCLIENT, PRENOMCLIENT, MAILCLIENT, MDPCLIENT, ADRESSECLIENT, DATECOMPTECLIENT, ACCEPTERANNONCECLIENT) VALUES (46, 'Bartoletti', 'Vinnie', 'krystel.nicolas@hotmail.com', '$2y$10$9oAWcWxulEEtw654XGmqH.OsAliM3aHs88hcqijXhzjzfwIb75bGa', '0396 Haylee Village Suite 788\n', TO_DATE('1993-07-02 10:21:30', 'yyyy-mm-dd hh24:mi:ss'), 0);
INSERT INTO CLIENT (IDCLIENT, NOMCLIENT, PRENOMCLIENT, MAILCLIENT, MDPCLIENT, ADRESSECLIENT, DATECOMPTECLIENT, ACCEPTERANNONCECLIENT) VALUES (47, 'Mills', 'Tabitha', 'durward.bins@yahoo.com', '$2y$10$9oAWcWxulEEtw654XGmqH.OsAliM3aHs88hcqijXhzjzfwIb75bGa', '064 Jeromy Flat\nJoanyland, DE ', TO_DATE('1978-07-04 14:51:46', 'yyyy-mm-dd hh24:mi:ss'), 0);
INSERT INTO CLIENT (IDCLIENT, NOMCLIENT, PRENOMCLIENT, MAILCLIENT, MDPCLIENT, ADRESSECLIENT, DATECOMPTECLIENT, ACCEPTERANNONCECLIENT) VALUES (48, 'Mann', 'Ethyl', 'ekshlerin@jacobs.com', '$2y$10$9oAWcWxulEEtw654XGmqH.OsAliM3aHs88hcqijXhzjzfwIb75bGa', '4907 Langosh Parks\nNew Vincenz', TO_DATE('2003-11-28 15:35:19', 'yyyy-mm-dd hh24:mi:ss'), 1);
INSERT INTO CLIENT (IDCLIENT, NOMCLIENT, PRENOMCLIENT, MAILCLIENT, MDPCLIENT, ADRESSECLIENT, DATECOMPTECLIENT, ACCEPTERANNONCECLIENT) VALUES (49, 'Roob', 'Barton', 'damion64@jaskolskishanahan.com', '$2y$10$9oAWcWxulEEtw654XGmqH.OsAliM3aHs88hcqijXhzjzfwIb75bGa', '4961 Sawayn Station Apt. 394\nJ', TO_DATE('1998-04-29 14:35:48', 'yyyy-mm-dd hh24:mi:ss'), 0);
INSERT INTO CLIENT (IDCLIENT, NOMCLIENT, PRENOMCLIENT, MAILCLIENT, MDPCLIENT, ADRESSECLIENT, DATECOMPTECLIENT, ACCEPTERANNONCECLIENT) VALUES (50, 'Yost', 'Gregoria', 'kris.thurman@johnson.biz', '$2y$10$9oAWcWxulEEtw654XGmqH.OsAliM3aHs88hcqijXhzjzfwIb75bGa', '43039 Fahey Fort Suite 193\nQui', TO_DATE('1995-06-14 19:55:49', 'yyyy-mm-dd hh24:mi:ss'), 0);

-- 15 Revendeurs (non-ajoutables)
INSERT INTO REVENDEUR (IDREVENDEUR, NOMREVENDEUR, LOCALISATIONREVENDEUR) VALUES (1, 'Mills, Klocko and Weissnat', 'Anguilla');
INSERT INTO REVENDEUR (IDREVENDEUR, NOMREVENDEUR, LOCALISATIONREVENDEUR) VALUES (2, 'Hyatt-Eichmann', 'Belgium');
INSERT INTO REVENDEUR (IDREVENDEUR, NOMREVENDEUR, LOCALISATIONREVENDEUR) VALUES (3, 'Conn, Steuber and Bosco', 'Tajikistan');
INSERT INTO REVENDEUR (IDREVENDEUR, NOMREVENDEUR, LOCALISATIONREVENDEUR) VALUES (4, 'Koelpin Group', 'British Virgin Islands');
INSERT INTO REVENDEUR (IDREVENDEUR, NOMREVENDEUR, LOCALISATIONREVENDEUR) VALUES (5, 'Treutel-Schiller', 'Korea');
INSERT INTO REVENDEUR (IDREVENDEUR, NOMREVENDEUR, LOCALISATIONREVENDEUR) VALUES (6, 'Ankunding, Rempel and DuBuque', 'Burkina Faso');
INSERT INTO REVENDEUR (IDREVENDEUR, NOMREVENDEUR, LOCALISATIONREVENDEUR) VALUES (7, 'Kilback Inc', 'Tuvalu');
INSERT INTO REVENDEUR (IDREVENDEUR, NOMREVENDEUR, LOCALISATIONREVENDEUR) VALUES (8, 'Sanford-Satterfield', 'Faroe Islands');
INSERT INTO REVENDEUR (IDREVENDEUR, NOMREVENDEUR, LOCALISATIONREVENDEUR) VALUES (9, 'Trantow, Hodkiewicz and Bruen', 'Bahamas');
INSERT INTO REVENDEUR (IDREVENDEUR, NOMREVENDEUR, LOCALISATIONREVENDEUR) VALUES (10, 'Nader-Spinka', 'Luxembourg');
INSERT INTO REVENDEUR (IDREVENDEUR, NOMREVENDEUR, LOCALISATIONREVENDEUR) VALUES (11, 'Boyle, Christiansen and Corker', 'Austria');
INSERT INTO REVENDEUR (IDREVENDEUR, NOMREVENDEUR, LOCALISATIONREVENDEUR) VALUES (12, 'Zemlak, Hermiston and Casper', 'Belgium');
INSERT INTO REVENDEUR (IDREVENDEUR, NOMREVENDEUR, LOCALISATIONREVENDEUR) VALUES (13, 'Hayes PLC', 'Turkmenistan');
INSERT INTO REVENDEUR (IDREVENDEUR, NOMREVENDEUR, LOCALISATIONREVENDEUR) VALUES (14, 'Reichert, Hammes and Brown', 'Cyprus');
INSERT INTO REVENDEUR (IDREVENDEUR, NOMREVENDEUR, LOCALISATIONREVENDEUR) VALUES (15, 'Bashirian Group', 'Czech Republic');

-- 29 Categories
INSERT INTO CATEGORIE (IDCATEGORIE, NOMCATEGORIE, IDCATEGORIEMERE) VALUES (1, 'Smartphone', NULL);
INSERT INTO CATEGORIE (IDCATEGORIE, NOMCATEGORIE, IDCATEGORIEMERE) VALUES (2, 'Apple', NULL);
INSERT INTO CATEGORIE (IDCATEGORIE, NOMCATEGORIE, IDCATEGORIEMERE) VALUES (3, 'Electroménager', NULL);
INSERT INTO CATEGORIE (IDCATEGORIE, NOMCATEGORIE, IDCATEGORIEMERE) VALUES (4, 'Ordinateur', NULL);
INSERT INTO CATEGORIE (IDCATEGORIE, NOMCATEGORIE, IDCATEGORIEMERE) VALUES (5, 'Consoles', NULL);
INSERT INTO CATEGORIE (IDCATEGORIE, NOMCATEGORIE, IDCATEGORIEMERE) VALUES (6, 'Bidet', NULL);
INSERT INTO CATEGORIE (IDCATEGORIE, NOMCATEGORIE, IDCATEGORIEMERE) VALUES (7, 'Iphone', 1);
INSERT INTO CATEGORIE (IDCATEGORIE, NOMCATEGORIE, IDCATEGORIEMERE) VALUES (8, 'Samsung', 1);
INSERT INTO CATEGORIE (IDCATEGORIE, NOMCATEGORIE, IDCATEGORIEMERE) VALUES (9, 'Huawei', 1);
INSERT INTO CATEGORIE (IDCATEGORIE, NOMCATEGORIE, IDCATEGORIEMERE) VALUES (10, 'Xiaomi', 1);
INSERT INTO CATEGORIE (IDCATEGORIE, NOMCATEGORIE, IDCATEGORIEMERE) VALUES (11, 'Nokia', 1);
INSERT INTO CATEGORIE (IDCATEGORIE, NOMCATEGORIE, IDCATEGORIEMERE) VALUES (12, 'MacBook Pro', 2);
INSERT INTO CATEGORIE (IDCATEGORIE, NOMCATEGORIE, IDCATEGORIEMERE) VALUES (13, 'MacBook Air', 2);
INSERT INTO CATEGORIE (IDCATEGORIE, NOMCATEGORIE, IDCATEGORIEMERE) VALUES (14, 'iMac', 2);
INSERT INTO CATEGORIE (IDCATEGORIE, NOMCATEGORIE, IDCATEGORIEMERE) VALUES (15, 'Four', 3);
INSERT INTO CATEGORIE (IDCATEGORIE, NOMCATEGORIE, IDCATEGORIEMERE) VALUES (16, 'Réfrigérateur', 3);
INSERT INTO CATEGORIE (IDCATEGORIE, NOMCATEGORIE, IDCATEGORIEMERE) VALUES (17, 'Lave-linge', 3);
INSERT INTO CATEGORIE (IDCATEGORIE, NOMCATEGORIE, IDCATEGORIEMERE) VALUES (18, 'Plancha', 3);
INSERT INTO CATEGORIE (IDCATEGORIE, NOMCATEGORIE, IDCATEGORIEMERE) VALUES (19, 'PC Portable', 4);
INSERT INTO CATEGORIE (IDCATEGORIE, NOMCATEGORIE, IDCATEGORIEMERE) VALUES (20, 'PC de bureau/gaming', 4);
INSERT INTO CATEGORIE (IDCATEGORIE, NOMCATEGORIE, IDCATEGORIEMERE) VALUES (21, 'Lenovo', 19);
INSERT INTO CATEGORIE (IDCATEGORIE, NOMCATEGORIE, IDCATEGORIEMERE) VALUES (22, 'HP', 19);
INSERT INTO CATEGORIE (IDCATEGORIE, NOMCATEGORIE, IDCATEGORIEMERE) VALUES (23, 'Acer', 19);
INSERT INTO CATEGORIE (IDCATEGORIE, NOMCATEGORIE, IDCATEGORIEMERE) VALUES (24, 'Dell', 20);
INSERT INTO CATEGORIE (IDCATEGORIE, NOMCATEGORIE, IDCATEGORIEMERE) VALUES (25, 'MSI', 20);
INSERT INTO CATEGORIE (IDCATEGORIE, NOMCATEGORIE, IDCATEGORIEMERE) VALUES (26, 'Razer', 19);
INSERT INTO CATEGORIE (IDCATEGORIE, NOMCATEGORIE, IDCATEGORIEMERE) VALUES (27, 'Playstation', 5);
INSERT INTO CATEGORIE (IDCATEGORIE, NOMCATEGORIE, IDCATEGORIEMERE) VALUES (28, 'Xbox', 5);
INSERT INTO CATEGORIE (IDCATEGORIE, NOMCATEGORIE, IDCATEGORIEMERE) VALUES (29, 'Nintendo', 5);

-- 50 Produits
INSERT INTO PRODUIT (IDPRODUIT, NOMPRODUIT, EXTENSIONIMGPRODUIT, PRIXPRODUIT, PRIXBASEPRODUIT, DETAILSPRODUIT, QUANTITESTOCKPRODUIT, VENDREPRODUIT, DELAILIVRAISONPRODUIT, DATERETRACTATIONPRODUIT, GARANTIEPRODUIT, VERIFIERPRODUIT, IDREVENDEUR, IDCATEGORIE) VALUES (1, 'iPhone 13 Mini', 'jpeg', 599, 751, 'Pareil que l''iPhone 13 mais avec un écran 5,4"', 994, 1, 25, TO_DATE('1977-10-20', 'yyyy-mm-dd hh24:mi:ss'), 26, 0, 10, 7);
INSERT INTO PRODUIT (IDPRODUIT, NOMPRODUIT, EXTENSIONIMGPRODUIT, PRIXPRODUIT, PRIXBASEPRODUIT, DETAILSPRODUIT, QUANTITESTOCKPRODUIT, VENDREPRODUIT, DELAILIVRAISONPRODUIT, DATERETRACTATIONPRODUIT, GARANTIEPRODUIT, VERIFIERPRODUIT, IDREVENDEUR, IDCATEGORIE) VALUES (2, 'Samsung Galaxy Z Fold 4', 'jpg', 999, 1299, 'Système d''exploitation : Android, Technologie cellulaire	5G, Capacité de stockage 256 Go, Technologie de connectivité	USB, Taille de l''écran	6.2 Pouces', 739, 1, 27, TO_DATE('1995-12-28', 'yyyy-mm-dd hh24:mi:ss'), 29, 0, 1, 8);
INSERT INTO PRODUIT (IDPRODUIT, NOMPRODUIT, EXTENSIONIMGPRODUIT, PRIXPRODUIT, PRIXBASEPRODUIT, DETAILSPRODUIT, QUANTITESTOCKPRODUIT, VENDREPRODUIT, DELAILIVRAISONPRODUIT, DATERETRACTATIONPRODUIT, GARANTIEPRODUIT, VERIFIERPRODUIT, IDREVENDEUR, IDCATEGORIE) VALUES (3, 'Samsung Galaxy S22 Ultra', 'jpeg', 750, 977, 'OS	Android 12.0, Technologie cellulaire 5G, Taille de la mémoire RAM installée 8 Go', 197, 1, 9, TO_DATE('1981-04-25', 'yyyy-mm-dd hh24:mi:ss'), 11, 0, 8, 8);
INSERT INTO PRODUIT (IDPRODUIT, NOMPRODUIT, EXTENSIONIMGPRODUIT, PRIXPRODUIT, PRIXBASEPRODUIT, DETAILSPRODUIT, QUANTITESTOCKPRODUIT, VENDREPRODUIT, DELAILIVRAISONPRODUIT, DATERETRACTATIONPRODUIT, GARANTIEPRODUIT, VERIFIERPRODUIT, IDREVENDEUR, IDCATEGORIE) VALUES (4, 'PlayStation 5', 'jpeg', 450, 549, 'OMG C''EST LA PS5 !', 976, 1, 12, TO_DATE('1998-06-22', 'yyyy-mm-dd hh24:mi:ss'), 11, 1, 7, 27);
INSERT INTO PRODUIT (IDPRODUIT, NOMPRODUIT, EXTENSIONIMGPRODUIT, PRIXPRODUIT, PRIXBASEPRODUIT, DETAILSPRODUIT, QUANTITESTOCKPRODUIT, VENDREPRODUIT, DELAILIVRAISONPRODUIT, DATERETRACTATIONPRODUIT, GARANTIEPRODUIT, VERIFIERPRODUIT, IDREVENDEUR, IDCATEGORIE) VALUES (5, 'Xbox Series X', 'jpeg', 360, 663, 'Et non ! Ca n''est pas un radiateur portable, c''est bien la nouvelle XBOX qui débarque.', 450, 1, 14, TO_DATE('2010-10-02', 'yyyy-mm-dd hh24:mi:ss'), 14, 0, 8, 28);
INSERT INTO PRODUIT (IDPRODUIT, NOMPRODUIT, EXTENSIONIMGPRODUIT, PRIXPRODUIT, PRIXBASEPRODUIT, DETAILSPRODUIT, QUANTITESTOCKPRODUIT, VENDREPRODUIT, DELAILIVRAISONPRODUIT, DATERETRACTATIONPRODUIT, GARANTIEPRODUIT, VERIFIERPRODUIT, IDREVENDEUR, IDCATEGORIE) VALUES (6, 'Corsair One i300', 'jpg', 3800, 4200, 'PC Gaming Compact, Processeur Intel Core i9-12900K, Carte Graphique NVIDIA GeForce RTX 3080, Mémoire DDR5 32 Go Vengeance, Thunderbolt 4, Windows 11 Pro', 278, 1, 9, TO_DATE('1976-08-11', 'yyyy-mm-dd hh24:mi:ss'), 17, 0, 14, 4);
INSERT INTO PRODUIT (IDPRODUIT, NOMPRODUIT, EXTENSIONIMGPRODUIT, PRIXPRODUIT, PRIXBASEPRODUIT, DETAILSPRODUIT, QUANTITESTOCKPRODUIT, VENDREPRODUIT, DELAILIVRAISONPRODUIT, DATERETRACTATIONPRODUIT, GARANTIEPRODUIT, VERIFIERPRODUIT, IDREVENDEUR, IDCATEGORIE) VALUES (7, 'iPhone 14 Pro Max', 'jpg', 1111, 1479, 'Système d''exploitation	IOS 16, Technologie cellulaire	5G, Taille de l''écran	6.7 Pouces', 21, 1, 16, TO_DATE('1994-06-28', 'yyyy-mm-dd hh24:mi:ss'), 18, 1, 7, 7);
INSERT INTO PRODUIT (IDPRODUIT, NOMPRODUIT, EXTENSIONIMGPRODUIT, PRIXPRODUIT, PRIXBASEPRODUIT, DETAILSPRODUIT, QUANTITESTOCKPRODUIT, VENDREPRODUIT, DELAILIVRAISONPRODUIT, DATERETRACTATIONPRODUIT, GARANTIEPRODUIT, VERIFIERPRODUIT, IDREVENDEUR, IDCATEGORIE) VALUES (8, 'Razer Blade 15 Advanced Model', 'jpeg', 2399, 2799, 'Intel Core i7-11800H, 16GB RAM, 1TB SSD, NVIDA GeForce RTX 3070, Windows 10, Clavier AZERTY', 111, 1, 20, TO_DATE('2018-03-31', 'yyyy-mm-dd hh24:mi:ss'), 24, 0, 6, 26);
INSERT INTO PRODUIT (IDPRODUIT, NOMPRODUIT, EXTENSIONIMGPRODUIT, PRIXPRODUIT, PRIXBASEPRODUIT, DETAILSPRODUIT, QUANTITESTOCKPRODUIT, VENDREPRODUIT, DELAILIVRAISONPRODUIT, DATERETRACTATIONPRODUIT, GARANTIEPRODUIT, VERIFIERPRODUIT, IDREVENDEUR, IDCATEGORIE) VALUES (9, 'Lenovo Ideapad Gaming 3', 'jpg', 850, 1199, 'Ordinateur Portable Gaming 15.6 pouces LED, Intel Core i5, RAM 8Go, SSD 512Go, Graphique NVIDIA GeForce RTX 3050, Windows 11 Home', 839, 1, 19, TO_DATE('2012-10-09', 'yyyy-mm-dd hh24:mi:ss'), 18, 1, 1, 21);
INSERT INTO PRODUIT (IDPRODUIT, NOMPRODUIT, EXTENSIONIMGPRODUIT, PRIXPRODUIT, PRIXBASEPRODUIT, DETAILSPRODUIT, QUANTITESTOCKPRODUIT, VENDREPRODUIT, DELAILIVRAISONPRODUIT, DATERETRACTATIONPRODUIT, GARANTIEPRODUIT, VERIFIERPRODUIT, IDREVENDEUR, IDCATEGORIE) VALUES (10, 'ASUS ROG Strix G15 (version portable)', 'jpeg', 2100, 2500, 'Ordinateur Portable Gaming, IPS FHD 15,6" 300 Hz, Intel Core i9-12900H, RAM DDR5 16 Go, SSD NVMe 1 to, NVIDIA GeForce RTX 3070 Ti, Clavier QWERTY rétroéclairé, Windows 11 Home', 372, 1, 6, TO_DATE('1986-10-18', 'yyyy-mm-dd hh24:mi:ss'), 6, 1, 9, 19);
INSERT INTO PRODUIT (IDPRODUIT, NOMPRODUIT, EXTENSIONIMGPRODUIT, PRIXPRODUIT, PRIXBASEPRODUIT, DETAILSPRODUIT, QUANTITESTOCKPRODUIT, VENDREPRODUIT, DELAILIVRAISONPRODUIT, DATERETRACTATIONPRODUIT, GARANTIEPRODUIT, VERIFIERPRODUIT, IDREVENDEUR, IDCATEGORIE) VALUES (11, 'MacBook Pro 2021', 'jpg', 1899, 2499, '14 pouces, Puce Apple M1 Pro avec CPU 10 cœurs et GPU 16 cœurs, 16 Go RAM, 1 To SSD', 563, 1, 4, TO_DATE('1976-06-05', 'yyyy-mm-dd hh24:mi:ss'), 25, 1, 2, 12);
INSERT INTO PRODUIT (IDPRODUIT, NOMPRODUIT, EXTENSIONIMGPRODUIT, PRIXPRODUIT, PRIXBASEPRODUIT, DETAILSPRODUIT, QUANTITESTOCKPRODUIT, VENDREPRODUIT, DELAILIVRAISONPRODUIT, DATERETRACTATIONPRODUIT, GARANTIEPRODUIT, VERIFIERPRODUIT, IDREVENDEUR, IDCATEGORIE) VALUES (12, 'Four Siemens HB675GBS1', 'jpeg', 474, 695, 'Four encastrable multifonction, Chaleur tournante ou pulsée, 71 litres, Classe A+, Inox, Porte froide (4 vitres)', 728, 1, 10, TO_DATE('2008-12-30', 'yyyy-mm-dd hh24:mi:ss'), 9, 1, 5, 15);
INSERT INTO PRODUIT (IDPRODUIT, NOMPRODUIT, EXTENSIONIMGPRODUIT, PRIXPRODUIT, PRIXBASEPRODUIT, DETAILSPRODUIT, QUANTITESTOCKPRODUIT, VENDREPRODUIT, DELAILIVRAISONPRODUIT, DATERETRACTATIONPRODUIT, GARANTIEPRODUIT, VERIFIERPRODUIT, IDREVENDEUR, IDCATEGORIE) VALUES (13, 'Acer Chromebook 15', 'jpg', 240, 296, 'processeur AMD, mémoire vive 8 Go, disque dur 128 Go, Resolution 1920x1080 Pixels, Poids du produit 1.63 Kilogrammes', 952, 1, 21, TO_DATE('1984-02-12', 'yyyy-mm-dd hh24:mi:ss'), 30, 1, 3, 23);
INSERT INTO PRODUIT (IDPRODUIT, NOMPRODUIT, EXTENSIONIMGPRODUIT, PRIXPRODUIT, PRIXBASEPRODUIT, DETAILSPRODUIT, QUANTITESTOCKPRODUIT, VENDREPRODUIT, DELAILIVRAISONPRODUIT, DATERETRACTATIONPRODUIT, GARANTIEPRODUIT, VERIFIERPRODUIT, IDREVENDEUR, IDCATEGORIE) VALUES (14, 'Microsoft Surface Laptop Go', 'jpg', 499, 656, 'Windows 10, écran tactile 12,45", Intel Core i5, 8 Go RAM, 128 Go SSD, clavier AZERTY, L''ordinateur portable Surface le plus léger', 299, 1, 11, TO_DATE('1992-02-19', 'yyyy-mm-dd hh24:mi:ss'), 15, 0, 9, 19);
INSERT INTO PRODUIT (IDPRODUIT, NOMPRODUIT, EXTENSIONIMGPRODUIT, PRIXPRODUIT, PRIXBASEPRODUIT, DETAILSPRODUIT, QUANTITESTOCKPRODUIT, VENDREPRODUIT, DELAILIVRAISONPRODUIT, DATERETRACTATIONPRODUIT, GARANTIEPRODUIT, VERIFIERPRODUIT, IDREVENDEUR, IDCATEGORIE) VALUES (15, 'Lave linge WHIRLPOOL FFBS9469WVFR', 'png', 380, 479, 'Capacité : 9 Kilogrammes, Emplacement d''accès : Charge frontale, Couleur	: Blanc, Vitesse d''essorage : 1400 tr/min', 687, 1, 29, TO_DATE('1998-04-13', 'yyyy-mm-dd hh24:mi:ss'), 22, 0, 7, 17);
INSERT INTO PRODUIT (IDPRODUIT, NOMPRODUIT, EXTENSIONIMGPRODUIT, PRIXPRODUIT, PRIXBASEPRODUIT, DETAILSPRODUIT, QUANTITESTOCKPRODUIT, VENDREPRODUIT, DELAILIVRAISONPRODUIT, DATERETRACTATIONPRODUIT, GARANTIEPRODUIT, VERIFIERPRODUIT, IDREVENDEUR, IDCATEGORIE) VALUES (16, 'Xiaomi Mi Mix Alpha', 'jpeg', 1999, 2599, 'Ecran flexible Super AMOLED de 180%, 12 Go de RAM et 512 Go de Stockage, Batterie Li-Po 4050 mAh', 161, 1, 3, TO_DATE('1972-06-13', 'yyyy-mm-dd hh24:mi:ss'), 29, 0, 2, 10);
INSERT INTO PRODUIT (IDPRODUIT, NOMPRODUIT, EXTENSIONIMGPRODUIT, PRIXPRODUIT, PRIXBASEPRODUIT, DETAILSPRODUIT, QUANTITESTOCKPRODUIT, VENDREPRODUIT, DELAILIVRAISONPRODUIT, DATERETRACTATIONPRODUIT, GARANTIEPRODUIT, VERIFIERPRODUIT, IDREVENDEUR, IDCATEGORIE) VALUES (17, 'Xiaomi 12 Pro 5G', 'png', 899, 1100, 'Smartphone 12 Go RAM, Écran 6.73” 120Hz AMOLED, Processeur Snapdragon 8 Gen 1, Triple Caméra 50MP, Batterie 4600mAh, HyperCharge 120W', 599, 1, 3, TO_DATE('2011-11-15', 'yyyy-mm-dd hh24:mi:ss'), 11, 1, 15, 10);
INSERT INTO PRODUIT (IDPRODUIT, NOMPRODUIT, EXTENSIONIMGPRODUIT, PRIXPRODUIT, PRIXBASEPRODUIT, DETAILSPRODUIT, QUANTITESTOCKPRODUIT, VENDREPRODUIT, DELAILIVRAISONPRODUIT, DATERETRACTATIONPRODUIT, GARANTIEPRODUIT, VERIFIERPRODUIT, IDREVENDEUR, IDCATEGORIE) VALUES (18, 'Samsung Galaxy Z Flip4', 'png', 599, 785, 'Double SIM Android 12, 5G USB Type-C 8 Go, 3700 mAh', 241, 1, 5, TO_DATE('2004-04-11', 'yyyy-mm-dd hh24:mi:ss'), 15, 0, 8, 8);
INSERT INTO PRODUIT (IDPRODUIT, NOMPRODUIT, EXTENSIONIMGPRODUIT, PRIXPRODUIT, PRIXBASEPRODUIT, DETAILSPRODUIT, QUANTITESTOCKPRODUIT, VENDREPRODUIT, DELAILIVRAISONPRODUIT, DATERETRACTATIONPRODUIT, GARANTIEPRODUIT, VERIFIERPRODUIT, IDREVENDEUR, IDCATEGORIE) VALUES (19, 'Nothing Phone 1', 'png', 280, 400, '8 Go de RAM + 128 / 256 Go, Interface Glyph, Deux appareils Photo de 50 MP, écran OLED 6,55" 120 Hz', 301, 1, 13, TO_DATE('1970-07-22', 'yyyy-mm-dd hh24:mi:ss'), 30, 0, 11, 1);
INSERT INTO PRODUIT (IDPRODUIT, NOMPRODUIT, EXTENSIONIMGPRODUIT, PRIXPRODUIT, PRIXBASEPRODUIT, DETAILSPRODUIT, QUANTITESTOCKPRODUIT, VENDREPRODUIT, DELAILIVRAISONPRODUIT, DATERETRACTATIONPRODUIT, GARANTIEPRODUIT, VERIFIERPRODUIT, IDREVENDEUR, IDCATEGORIE) VALUES (20, 'Xbox Mini Fridge', 'jpeg', 99, 150, 'C''est un frigo en forme de Xbox MDR :D', 511, 1, 29, TO_DATE('1984-10-30', 'yyyy-mm-dd hh24:mi:ss'), 32, 1, 6, 16);
INSERT INTO PRODUIT (IDPRODUIT, NOMPRODUIT, EXTENSIONIMGPRODUIT, PRIXPRODUIT, PRIXBASEPRODUIT, DETAILSPRODUIT, QUANTITESTOCKPRODUIT, VENDREPRODUIT, DELAILIVRAISONPRODUIT, DATERETRACTATIONPRODUIT, GARANTIEPRODUIT, VERIFIERPRODUIT, IDREVENDEUR, IDCATEGORIE) VALUES (21, 'Nintendo Switch OLED', 'jpg', 260, 310, 'La Nintendo Switch (modèle OLED) possède des dimensions proches de celles de la Nintendo Switch, Elle dispose d''un écran OLED plus grand aux couleurs intenses et aux contrastes élevés, Elle dispose aussi d''une nouvelle station d''accueil', 42, 1, 19, TO_DATE('1999-09-10', 'yyyy-mm-dd hh24:mi:ss'), 11, 1, 9, 29);
INSERT INTO PRODUIT (IDPRODUIT, NOMPRODUIT, EXTENSIONIMGPRODUIT, PRIXPRODUIT, PRIXBASEPRODUIT, DETAILSPRODUIT, QUANTITESTOCKPRODUIT, VENDREPRODUIT, DELAILIVRAISONPRODUIT, DATERETRACTATIONPRODUIT, GARANTIEPRODUIT, VERIFIERPRODUIT, IDREVENDEUR, IDCATEGORIE) VALUES (22, 'iPhone 13', 'jpg', 750, 979, 'Système d''exploitation : iOS, Technologie cellulaire : 5G, Capacité de stockage de la mémoire : 256 Go', 285, 1, 8, TO_DATE('2016-07-20', 'yyyy-mm-dd hh24:mi:ss'), 36, 0, 7, 7);
INSERT INTO PRODUIT (IDPRODUIT, NOMPRODUIT, EXTENSIONIMGPRODUIT, PRIXPRODUIT, PRIXBASEPRODUIT, DETAILSPRODUIT, QUANTITESTOCKPRODUIT, VENDREPRODUIT, DELAILIVRAISONPRODUIT, DATERETRACTATIONPRODUIT, GARANTIEPRODUIT, VERIFIERPRODUIT, IDREVENDEUR, IDCATEGORIE) VALUES (23, 'ASUS ROG Strix GT15', 'jpg', 2799, 3068, 'Core i7-11700KF, 16 Go RAM, 1 to SSD, GeForce RTX 3060 12 Go, sans système d''exploitation', 385, 1, 20, TO_DATE('1994-10-28', 'yyyy-mm-dd hh24:mi:ss'), 34, 1, 10, 20);
INSERT INTO PRODUIT (IDPRODUIT, NOMPRODUIT, EXTENSIONIMGPRODUIT, PRIXPRODUIT, PRIXBASEPRODUIT, DETAILSPRODUIT, QUANTITESTOCKPRODUIT, VENDREPRODUIT, DELAILIVRAISONPRODUIT, DATERETRACTATIONPRODUIT, GARANTIEPRODUIT, VERIFIERPRODUIT, IDREVENDEUR, IDCATEGORIE) VALUES (24, 'MINIS FORUM Mini PC', 'png', 299, 360, 'Mini Ordinateur de Bureau, Windows 11/Windows 10, 16 Go DDR4 / 256 ou 512 Go SSD Processeur AMD Ryzen 5 3550H, HDMI-DP- USB C- Port, Radeon Vega 8 Graphics, USB 3.1', 740, 1, 8, TO_DATE('2011-12-28', 'yyyy-mm-dd hh24:mi:ss'), 26, 1, 4, 4);
INSERT INTO PRODUIT (IDPRODUIT, NOMPRODUIT, EXTENSIONIMGPRODUIT, PRIXPRODUIT, PRIXBASEPRODUIT, DETAILSPRODUIT, QUANTITESTOCKPRODUIT, VENDREPRODUIT, DELAILIVRAISONPRODUIT, DATERETRACTATIONPRODUIT, GARANTIEPRODUIT, VERIFIERPRODUIT, IDREVENDEUR, IDCATEGORIE) VALUES (25, 'VOVO STYLEMENT TCB-090SA', 'png', 1660, 1990, 'Toilettes intelligents avec double chasse d''eau automatique, siège chauffant, rincage à l''eau chaude et séchage intégré', 876, 1, 27, TO_DATE('2019-06-20', 'yyyy-mm-dd hh24:mi:ss'), 7, 0, 10, 6);
INSERT INTO PRODUIT (IDPRODUIT, NOMPRODUIT, EXTENSIONIMGPRODUIT, PRIXPRODUIT, PRIXBASEPRODUIT, DETAILSPRODUIT, QUANTITESTOCKPRODUIT, VENDREPRODUIT, DELAILIVRAISONPRODUIT, DATERETRACTATIONPRODUIT, GARANTIEPRODUIT, VERIFIERPRODUIT, IDREVENDEUR, IDCATEGORIE) VALUES (26, 'MacBook Air 2022', 'jpg', 1200, 1349, 'Puce M2 : écran Liquid Retina de 13,6 Pouces, 8GB de RAM, 256 Go de Stockage SSD', 697, 1, 29, TO_DATE('1984-11-23', 'yyyy-mm-dd hh24:mi:ss'), 9, 1, 13, 13);
INSERT INTO PRODUIT (IDPRODUIT, NOMPRODUIT, EXTENSIONIMGPRODUIT, PRIXPRODUIT, PRIXBASEPRODUIT, DETAILSPRODUIT, QUANTITESTOCKPRODUIT, VENDREPRODUIT, DELAILIVRAISONPRODUIT, DATERETRACTATIONPRODUIT, GARANTIEPRODUIT, VERIFIERPRODUIT, IDREVENDEUR, IDCATEGORIE) VALUES (27, 'Plancha Électrique TAIMIKO', 'jpg', 145, 199, 'Plancha Électrique Professionnelle en acier inoxydable Plaque de Gril en Fer 3000W, 16.8kg 220-240V Lisse, protection antiéclaboussures(54 x 30 cm)', 285, 1, 23, TO_DATE('2000-09-23', 'yyyy-mm-dd hh24:mi:ss'), 36, 0, 10, 18);
INSERT INTO PRODUIT (IDPRODUIT, NOMPRODUIT, EXTENSIONIMGPRODUIT, PRIXPRODUIT, PRIXBASEPRODUIT, DETAILSPRODUIT, QUANTITESTOCKPRODUIT, VENDREPRODUIT, DELAILIVRAISONPRODUIT, DATERETRACTATIONPRODUIT, GARANTIEPRODUIT, VERIFIERPRODUIT, IDREVENDEUR, IDCATEGORIE) VALUES (28, 'DELL Optiplex 7020 SFF', 'jpg', 199, 279, 'Ordinateur de bureau, ultra rapide (bof en vrai), avec processeur Intel i7-4770K (zarma le processeur tah les dinosaures), 16 Go de RAM DDR3, 480 Go de disque SSD (Reconditionné faut pas déconner sale rat)', 203, 1, 7, TO_DATE('1982-12-07', 'yyyy-mm-dd hh24:mi:ss'), 25, 0, 4, 24);
INSERT INTO PRODUIT (IDPRODUIT, NOMPRODUIT, EXTENSIONIMGPRODUIT, PRIXPRODUIT, PRIXBASEPRODUIT, DETAILSPRODUIT, QUANTITESTOCKPRODUIT, VENDREPRODUIT, DELAILIVRAISONPRODUIT, DATERETRACTATIONPRODUIT, GARANTIEPRODUIT, VERIFIERPRODUIT, IDREVENDEUR, IDCATEGORIE) VALUES (29, 'Steam Deck', 'jpeg', 399, 500, 'Un appareil portable tout-en-un pour vos jeux PC. Emportez Steam partout avec vous !', 816, 1, 11, TO_DATE('1977-08-29', 'yyyy-mm-dd hh24:mi:ss'), 26, 0, 15, 5);
INSERT INTO PRODUIT (IDPRODUIT, NOMPRODUIT, EXTENSIONIMGPRODUIT, PRIXPRODUIT, PRIXBASEPRODUIT, DETAILSPRODUIT, QUANTITESTOCKPRODUIT, VENDREPRODUIT, DELAILIVRAISONPRODUIT, DATERETRACTATIONPRODUIT, GARANTIEPRODUIT, VERIFIERPRODUIT, IDREVENDEUR, IDCATEGORIE) VALUES (30, 'AirPods Max', 'jpeg', 499, 519, 'Casque Bluetooth sans fil avec réduction de bruit active', 979, 1, 14, TO_DATE('1989-08-14', 'yyyy-mm-dd hh24:mi:ss'), 6, 1, 2, 2);
INSERT INTO PRODUIT (IDPRODUIT, NOMPRODUIT, EXTENSIONIMGPRODUIT, PRIXPRODUIT, PRIXBASEPRODUIT, DETAILSPRODUIT, QUANTITESTOCKPRODUIT, VENDREPRODUIT, DELAILIVRAISONPRODUIT, DATERETRACTATIONPRODUIT, GARANTIEPRODUIT, VERIFIERPRODUIT, IDREVENDEUR, IDCATEGORIE) VALUES (31, 'MacBook Air 2020', 'jpeg', 666, 849, 'Intel 1.1 GHz Core i3 (13-inch, 8GB RAM, 256GB SSD Storage, Azerty) (Reconditionné)', 667, 1, 22, TO_DATE('2011-02-03', 'yyyy-mm-dd hh24:mi:ss'), 19, 0, 3, 13);
INSERT INTO PRODUIT (IDPRODUIT, NOMPRODUIT, EXTENSIONIMGPRODUIT, PRIXPRODUIT, PRIXBASEPRODUIT, DETAILSPRODUIT, QUANTITESTOCKPRODUIT, VENDREPRODUIT, DELAILIVRAISONPRODUIT, DATERETRACTATIONPRODUIT, GARANTIEPRODUIT, VERIFIERPRODUIT, IDREVENDEUR, IDCATEGORIE) VALUES (32, 'iMac 2021', 'jpg', 1500, 1795, '24 Pouces, Puce M1 avec CPU 8 cœurs et GPU 8 cœurs, Quatre Ports, 8 Go RAM, 512 Go', 922, 1, 21, TO_DATE('2022-10-02', 'yyyy-mm-dd hh24:mi:ss'), 2, 0, 14, 14);
INSERT INTO PRODUIT (IDPRODUIT, NOMPRODUIT, EXTENSIONIMGPRODUIT, PRIXPRODUIT, PRIXBASEPRODUIT, DETAILSPRODUIT, QUANTITESTOCKPRODUIT, VENDREPRODUIT, DELAILIVRAISONPRODUIT, DATERETRACTATIONPRODUIT, GARANTIEPRODUIT, VERIFIERPRODUIT, IDREVENDEUR, IDCATEGORIE) VALUES (33, 'Apple Watch 2022 Series 8', 'jpeg', 380, 492, 'Boîtier en Aluminium de 41 mm, Bracelet Sport, Montre connecté en Bluetooth', 120, 1, 16, TO_DATE('2015-03-21', 'yyyy-mm-dd hh24:mi:ss'), 35, 1, 12, 2);
INSERT INTO PRODUIT (IDPRODUIT, NOMPRODUIT, EXTENSIONIMGPRODUIT, PRIXPRODUIT, PRIXBASEPRODUIT, DETAILSPRODUIT, QUANTITESTOCKPRODUIT, VENDREPRODUIT, DELAILIVRAISONPRODUIT, DATERETRACTATIONPRODUIT, GARANTIEPRODUIT, VERIFIERPRODUIT, IDREVENDEUR, IDCATEGORIE) VALUES (34, 'Mini lave vaisselle BOB', 'png', 250, 399, 'Mini lave vaisselle parfait pour les petits appartements. A poser directement sur le plan de travail, très silenceux (43 dB)', 120, 1, 17, TO_DATE('2020-02-01', 'yyyy-mm-dd hh24:mi:ss'), 24, 1, 13, 3);
INSERT INTO PRODUIT (IDPRODUIT, NOMPRODUIT, EXTENSIONIMGPRODUIT, PRIXPRODUIT, PRIXBASEPRODUIT, DETAILSPRODUIT, QUANTITESTOCKPRODUIT, VENDREPRODUIT, DELAILIVRAISONPRODUIT, DATERETRACTATIONPRODUIT, GARANTIEPRODUIT, VERIFIERPRODUIT, IDREVENDEUR, IDCATEGORIE) VALUES (35, 'Nintendo Switch', 'jpeg', 180, 270, 'La boite est composée de : 1 console avec 2 manette Joy-con, 1 station d''accueil Nintendo Switch, 2 dragonnes Joy-con, 1 support Joy-Con, 1 câble HDMI, 1 adaptateur secteur Nintendo Switch (EU)', 618, 1, 28, TO_DATE('2020-07-09', 'yyyy-mm-dd hh24:mi:ss'), 32, 0, 10, 29);
INSERT INTO PRODUIT (IDPRODUIT, NOMPRODUIT, EXTENSIONIMGPRODUIT, PRIXPRODUIT, PRIXBASEPRODUIT, DETAILSPRODUIT, QUANTITESTOCKPRODUIT, VENDREPRODUIT, DELAILIVRAISONPRODUIT, DATERETRACTATIONPRODUIT, GARANTIEPRODUIT, VERIFIERPRODUIT, IDREVENDEUR, IDCATEGORIE) VALUES (36, 'Plancha Campingaz EXB Plus', 'jpg', 180, 239, 'plancha au gaz sur chariot, grill gastronomique avec plaque en acier émaillé et 2 brûleurs, puissance 7500 W', 392, 1, 4, TO_DATE('2001-12-18', 'yyyy-mm-dd hh24:mi:ss'), 17, 0, 8, 18);
INSERT INTO PRODUIT (IDPRODUIT, NOMPRODUIT, EXTENSIONIMGPRODUIT, PRIXPRODUIT, PRIXBASEPRODUIT, DETAILSPRODUIT, QUANTITESTOCKPRODUIT, VENDREPRODUIT, DELAILIVRAISONPRODUIT, DATERETRACTATIONPRODUIT, GARANTIEPRODUIT, VERIFIERPRODUIT, IDREVENDEUR, IDCATEGORIE) VALUES (37, 'HUAWEI P50 Pro', 'jpg', 650, 860, '8+256 GB, NFC, Écran True-Chroma 6,6", 120 Hz, Dual HUAWEI SuperCharge, IP68, Caméra à double matrice True-Form, téléphone à puce 5 nm', 736, 1, 24, TO_DATE('1983-08-27', 'yyyy-mm-dd hh24:mi:ss'), 1, 0, 10, 9);
INSERT INTO PRODUIT (IDPRODUIT, NOMPRODUIT, EXTENSIONIMGPRODUIT, PRIXPRODUIT, PRIXBASEPRODUIT, DETAILSPRODUIT, QUANTITESTOCKPRODUIT, VENDREPRODUIT, DELAILIVRAISONPRODUIT, DATERETRACTATIONPRODUIT, GARANTIEPRODUIT, VERIFIERPRODUIT, IDREVENDEUR, IDCATEGORIE) VALUES (38, 'Samsung WD90T954DSH', 'png', 590, 799, 'Lave-linge autonome à chargement frontal QuickDrive Ai Control. Jusqu''à 27 programmes. Vitesse d''essorage maximale de 1 400 tr/min. Cycle de lavage Quick Drive de 39 minutes. Contrôle par WiFi avec l''application Smart Things. Capacité de charge : 9/6 kg', 652, 1, 16, TO_DATE('1991-05-12', 'yyyy-mm-dd hh24:mi:ss'), 4, 1, 3, 3);
INSERT INTO PRODUIT (IDPRODUIT, NOMPRODUIT, EXTENSIONIMGPRODUIT, PRIXPRODUIT, PRIXBASEPRODUIT, DETAILSPRODUIT, QUANTITESTOCKPRODUIT, VENDREPRODUIT, DELAILIVRAISONPRODUIT, DATERETRACTATIONPRODUIT, GARANTIEPRODUIT, VERIFIERPRODUIT, IDREVENDEUR, IDCATEGORIE) VALUES (39, 'MSI MEG Aegis Ti5 12VTJ-071IT', 'jpeg', 5500, 6490, 'Intel Core i9-12900K, 64 Go RAM, 2000 Go HDD et 2000 Go SSD, NVIDIA GeForce RTX 3090 Ventus 3X 24G OC, RGB Mystic Light, Windows 11 Pro', 730, 1, 10, TO_DATE('2018-02-23', 'yyyy-mm-dd hh24:mi:ss'), 26, 0, 5, 25);
INSERT INTO PRODUIT (IDPRODUIT, NOMPRODUIT, EXTENSIONIMGPRODUIT, PRIXPRODUIT, PRIXBASEPRODUIT, DETAILSPRODUIT, QUANTITESTOCKPRODUIT, VENDREPRODUIT, DELAILIVRAISONPRODUIT, DATERETRACTATIONPRODUIT, GARANTIEPRODUIT, VERIFIERPRODUIT, IDREVENDEUR, IDCATEGORIE) VALUES (40, 'NOKIA 3310', 'png', 40, 50, 'Mythique téléphone 3310 de NOKIA, Parfait pour planter des clous ou téléphoner a quelqu''un, SUPER PROMO, POUR TOUT ACHAT, RECEVEZ SNAKE GRATUITEMENT !', 960, 1, 25, TO_DATE('2002-04-21', 'yyyy-mm-dd hh24:mi:ss'), 20, 1, 11, 11);
INSERT INTO PRODUIT (IDPRODUIT, NOMPRODUIT, EXTENSIONIMGPRODUIT, PRIXPRODUIT, PRIXBASEPRODUIT, DETAILSPRODUIT, QUANTITESTOCKPRODUIT, VENDREPRODUIT, DELAILIVRAISONPRODUIT, DATERETRACTATIONPRODUIT, GARANTIEPRODUIT, VERIFIERPRODUIT, IDREVENDEUR, IDCATEGORIE) VALUES (41, 'BOSCH WAN 28238 FF', 'jpeg', 345, 478, 'Poids 68Kg, capacité de 8Kg, Vitesse d''essorage max ¿1400 tr/min, Couleur blanche, Niveau sonore max de ¿73 dB', 443, 1, 19, TO_DATE('2001-11-15', 'yyyy-mm-dd hh24:mi:ss'), 4, 1, 9, 17);
INSERT INTO PRODUIT (IDPRODUIT, NOMPRODUIT, EXTENSIONIMGPRODUIT, PRIXPRODUIT, PRIXBASEPRODUIT, DETAILSPRODUIT, QUANTITESTOCKPRODUIT, VENDREPRODUIT, DELAILIVRAISONPRODUIT, DATERETRACTATIONPRODUIT, GARANTIEPRODUIT, VERIFIERPRODUIT, IDREVENDEUR, IDCATEGORIE) VALUES (42, 'SMEG FQ55FXDF', 'jpg', 1799, 2031, 'Capacité de 539 Litres, 4 Portes, Couleur Gris (Acier Inoxydable)', 415, 1, 9, TO_DATE('1996-05-17', 'yyyy-mm-dd hh24:mi:ss'), 34, 1, 6, 16);
INSERT INTO PRODUIT (IDPRODUIT, NOMPRODUIT, EXTENSIONIMGPRODUIT, PRIXPRODUIT, PRIXBASEPRODUIT, DETAILSPRODUIT, QUANTITESTOCKPRODUIT, VENDREPRODUIT, DELAILIVRAISONPRODUIT, DATERETRACTATIONPRODUIT, GARANTIEPRODUIT, VERIFIERPRODUIT, IDREVENDEUR, IDCATEGORIE) VALUES (43, 'HP Laptop 15s-fq2005sf', 'png', 450, 588, 'PC Portable 15.6" FHD (Intel Core i3, RAM 8 Go, SSD 512 Go, AZERTY, Windows 11 Famille', 190, 1, 7, TO_DATE('1972-04-30', 'yyyy-mm-dd hh24:mi:ss'), 25, 0, 2, 22);
INSERT INTO PRODUIT (IDPRODUIT, NOMPRODUIT, EXTENSIONIMGPRODUIT, PRIXPRODUIT, PRIXBASEPRODUIT, DETAILSPRODUIT, QUANTITESTOCKPRODUIT, VENDREPRODUIT, DELAILIVRAISONPRODUIT, DATERETRACTATIONPRODUIT, GARANTIEPRODUIT, VERIFIERPRODUIT, IDREVENDEUR, IDCATEGORIE) VALUES (44, 'Macbook Pro 2022', 'jpg', 1100, 1449, 'Puce M2 : écran Retina de 13 Pouces, 8GB de RAM, 256 / 512 Go de Stockage SSD', 613, 1, 30, TO_DATE('2022-08-25', 'yyyy-mm-dd hh24:mi:ss'), 29, 0, 12, 12);
INSERT INTO PRODUIT (IDPRODUIT, NOMPRODUIT, EXTENSIONIMGPRODUIT, PRIXPRODUIT, PRIXBASEPRODUIT, DETAILSPRODUIT, QUANTITESTOCKPRODUIT, VENDREPRODUIT, DELAILIVRAISONPRODUIT, DATERETRACTATIONPRODUIT, GARANTIEPRODUIT, VERIFIERPRODUIT, IDREVENDEUR, IDCATEGORIE) VALUES (45, 'HUAWEI P50 Pocket', 'png', 599, 799, 'Smartphone 256GB, 8GB RAM, Dual Sim, Ecran piable 6.9 Pouces, OS : HarmonyOS 2.0', 434, 1, 22, TO_DATE('1996-04-28', 'yyyy-mm-dd hh24:mi:ss'), 4, 1, 9, 9);
INSERT INTO PRODUIT (IDPRODUIT, NOMPRODUIT, EXTENSIONIMGPRODUIT, PRIXPRODUIT, PRIXBASEPRODUIT, DETAILSPRODUIT, QUANTITESTOCKPRODUIT, VENDREPRODUIT, DELAILIVRAISONPRODUIT, DATERETRACTATIONPRODUIT, GARANTIEPRODUIT, VERIFIERPRODUIT, IDREVENDEUR, IDCATEGORIE) VALUES (46, 'Alienware Aurora R13', 'png', 2630, 3125, 'Processeur IntelCore i7-12700KF de 12e génération (12coeurs, 20threads, 25Mo de mémoire cache, 3,6GHz à 5,0GHz Turbo), Carte graphique NVIDIA GeForce RTX 3080 avec 10 Go de mémoire GDDR6X LH', 427, 1, 23, TO_DATE('1989-06-05', 'yyyy-mm-dd hh24:mi:ss'), 9, 0, 2, 20);
INSERT INTO PRODUIT (IDPRODUIT, NOMPRODUIT, EXTENSIONIMGPRODUIT, PRIXPRODUIT, PRIXBASEPRODUIT, DETAILSPRODUIT, QUANTITESTOCKPRODUIT, VENDREPRODUIT, DELAILIVRAISONPRODUIT, DATERETRACTATIONPRODUIT, GARANTIEPRODUIT, VERIFIERPRODUIT, IDREVENDEUR, IDCATEGORIE) VALUES (47, 'iMac 2020', 'png', 1711, 2249, 'Écran Retina 5K de 27 pouces 5120 x 2880 pixels, Intel Core i5 hexacoeur de 10e génération à 3.3 GHz, Cartes graphiques AMD Radeon Pro 5300XT, Stockage SSD ultra-rapide', 76, 1, 6, TO_DATE('1978-03-08', 'yyyy-mm-dd hh24:mi:ss'), 10, 1, 4, 14);
INSERT INTO PRODUIT (IDPRODUIT, NOMPRODUIT, EXTENSIONIMGPRODUIT, PRIXPRODUIT, PRIXBASEPRODUIT, DETAILSPRODUIT, QUANTITESTOCKPRODUIT, VENDREPRODUIT, DELAILIVRAISONPRODUIT, DATERETRACTATIONPRODUIT, GARANTIEPRODUIT, VERIFIERPRODUIT, IDREVENDEUR, IDCATEGORIE) VALUES (48, 'Bidet Swipe', 'jpeg', 30, 50, 'Buses avant et arrière dédiées conçues pour des lavages confortables et en profondeur, comprend une valve en T entièrement métallique et un tuyau tressé, aucune prise de courant nécessaire, s''installe sous votre siège de toilette existant', 294, 1, 6, TO_DATE('1988-07-13', 'yyyy-mm-dd hh24:mi:ss'), 15, 1, 6, 6);
INSERT INTO PRODUIT (IDPRODUIT, NOMPRODUIT, EXTENSIONIMGPRODUIT, PRIXPRODUIT, PRIXBASEPRODUIT, DETAILSPRODUIT, QUANTITESTOCKPRODUIT, VENDREPRODUIT, DELAILIVRAISONPRODUIT, DATERETRACTATIONPRODUIT, GARANTIEPRODUIT, VERIFIERPRODUIT, IDREVENDEUR, IDCATEGORIE) VALUES (49, 'OnePlus 10 Pro 5G', 'jpg', 699, 919, 'Objectif principal 48 Mpx, Ultra grand angle 50 Mpx, Téléobjectif 8Mpx - Solution OnePlus Billion Color développée en partenariat avec Hasselblad offre une science des couleurs de pointe.', 15, 1, 15, TO_DATE('1990-02-17', 'yyyy-mm-dd hh24:mi:ss'), 29, 1, 1, 1);
INSERT INTO PRODUIT (IDPRODUIT, NOMPRODUIT, EXTENSIONIMGPRODUIT, PRIXPRODUIT, PRIXBASEPRODUIT, DETAILSPRODUIT, QUANTITESTOCKPRODUIT, VENDREPRODUIT, DELAILIVRAISONPRODUIT, DATERETRACTATIONPRODUIT, GARANTIEPRODUIT, VERIFIERPRODUIT, IDREVENDEUR, IDCATEGORIE) VALUES (50, 'SEGA Mega Drive Mini 2', 'jpeg', 99, 150, 'Des titres sur méga-CD sont également disponibles ! 60 titres classiques ! Ce package comprend : une console SEGA Mega Drive Mini 2, une manette de commande filaire, un câble d''alimentation, un câble HDMI', 179, 1, 25, TO_DATE('1995-07-20', 'yyyy-mm-dd hh24:mi:ss'), 36, 0, 5, 5);

-- 17 Choix
INSERT INTO CHOIX (IDCHOIX, LIBELLECHOIX, TAUXCHOIX) VALUES (15, '1 TO', 1.00000);
INSERT INTO CHOIX (IDCHOIX, LIBELLECHOIX, TAUXCHOIX) VALUES (14, '1 To', 1.30000);
INSERT INTO CHOIX (IDCHOIX, LIBELLECHOIX, TAUXCHOIX) VALUES (16, '480 Go', 1.00000);
INSERT INTO CHOIX (IDCHOIX, LIBELLECHOIX, TAUXCHOIX) VALUES (17, '64 Go', 1.00000);
INSERT INTO CHOIX (IDCHOIX, LIBELLECHOIX, TAUXCHOIX) VALUES (1, '128 Go', 1.00000);
INSERT INTO CHOIX (IDCHOIX, LIBELLECHOIX, TAUXCHOIX) VALUES (6, '256 Go', 1.10000);
INSERT INTO CHOIX (IDCHOIX, LIBELLECHOIX, TAUXCHOIX) VALUES (7, '512 Go', 1.12500);
INSERT INTO CHOIX (IDCHOIX, LIBELLECHOIX, TAUXCHOIX) VALUES (2, 'Parfait état', 1.30000);
INSERT INTO CHOIX (IDCHOIX, LIBELLECHOIX, TAUXCHOIX) VALUES (4, 'Etat correct', 1.00000);
INSERT INTO CHOIX (IDCHOIX, LIBELLECHOIX, TAUXCHOIX) VALUES (5, 'Très bon état', 1.10000);
INSERT INTO CHOIX (IDCHOIX, LIBELLECHOIX, TAUXCHOIX) VALUES (3, 'Rouge', 1.00000);
INSERT INTO CHOIX (IDCHOIX, LIBELLECHOIX, TAUXCHOIX) VALUES (8, 'Or', 1.00000);
INSERT INTO CHOIX (IDCHOIX, LIBELLECHOIX, TAUXCHOIX) VALUES (9, 'Vert', 1.00000);
INSERT INTO CHOIX (IDCHOIX, LIBELLECHOIX, TAUXCHOIX) VALUES (10, 'Bleu', 1.00000);
INSERT INTO CHOIX (IDCHOIX, LIBELLECHOIX, TAUXCHOIX) VALUES (11, 'Noir', 1.00000);
INSERT INTO CHOIX (IDCHOIX, LIBELLECHOIX, TAUXCHOIX) VALUES (12, 'Gris', 1.00000);
INSERT INTO CHOIX (IDCHOIX, LIBELLECHOIX, TAUXCHOIX) VALUES (13, 'Blanc', 1.00000);

-- 10 Caracteristiques (temporaires)
INSERT INTO CARACTERISTIQUE (IDCARACTERISTIQUE, LIBELLECARACTERISTIQUE) VALUES (1, 'ducimus');
INSERT INTO CARACTERISTIQUE (IDCARACTERISTIQUE, LIBELLECARACTERISTIQUE) VALUES (2, 'dolorem');
INSERT INTO CARACTERISTIQUE (IDCARACTERISTIQUE, LIBELLECARACTERISTIQUE) VALUES (3, 'eum');
INSERT INTO CARACTERISTIQUE (IDCARACTERISTIQUE, LIBELLECARACTERISTIQUE) VALUES (4, 'id');
INSERT INTO CARACTERISTIQUE (IDCARACTERISTIQUE, LIBELLECARACTERISTIQUE) VALUES (5, 'debitis');
INSERT INTO CARACTERISTIQUE (IDCARACTERISTIQUE, LIBELLECARACTERISTIQUE) VALUES (6, 'nemo');
INSERT INTO CARACTERISTIQUE (IDCARACTERISTIQUE, LIBELLECARACTERISTIQUE) VALUES (7, 'culpa');
INSERT INTO CARACTERISTIQUE (IDCARACTERISTIQUE, LIBELLECARACTERISTIQUE) VALUES (8, 'voluptatem');
INSERT INTO CARACTERISTIQUE (IDCARACTERISTIQUE, LIBELLECARACTERISTIQUE) VALUES (9, 'tempore');
INSERT INTO CARACTERISTIQUE (IDCARACTERISTIQUE, LIBELLECARACTERISTIQUE) VALUES (10, 'ratione');

-- 50 Paniers
INSERT INTO PANIER (IDPANIER, IDCLIENT) VALUES (1, 27);
INSERT INTO PANIER (IDPANIER, IDCLIENT) VALUES (2, 16);
INSERT INTO PANIER (IDPANIER, IDCLIENT) VALUES (3, 6);
INSERT INTO PANIER (IDPANIER, IDCLIENT) VALUES (4, 29);
INSERT INTO PANIER (IDPANIER, IDCLIENT) VALUES (5, 38);
INSERT INTO PANIER (IDPANIER, IDCLIENT) VALUES (6, 30);
INSERT INTO PANIER (IDPANIER, IDCLIENT) VALUES (7, 4);
INSERT INTO PANIER (IDPANIER, IDCLIENT) VALUES (8, 40);
INSERT INTO PANIER (IDPANIER, IDCLIENT) VALUES (9, 36);
INSERT INTO PANIER (IDPANIER, IDCLIENT) VALUES (10, 21);
INSERT INTO PANIER (IDPANIER, IDCLIENT) VALUES (11, 23);
INSERT INTO PANIER (IDPANIER, IDCLIENT) VALUES (12, 45);
INSERT INTO PANIER (IDPANIER, IDCLIENT) VALUES (13, 2);
INSERT INTO PANIER (IDPANIER, IDCLIENT) VALUES (14, 12);
INSERT INTO PANIER (IDPANIER, IDCLIENT) VALUES (15, 24);
INSERT INTO PANIER (IDPANIER, IDCLIENT) VALUES (16, 43);
INSERT INTO PANIER (IDPANIER, IDCLIENT) VALUES (17, 39);
INSERT INTO PANIER (IDPANIER, IDCLIENT) VALUES (18, 20);
INSERT INTO PANIER (IDPANIER, IDCLIENT) VALUES (19, 32);
INSERT INTO PANIER (IDPANIER, IDCLIENT) VALUES (20, 47);
INSERT INTO PANIER (IDPANIER, IDCLIENT) VALUES (21, 42);
INSERT INTO PANIER (IDPANIER, IDCLIENT) VALUES (22, 17);
INSERT INTO PANIER (IDPANIER, IDCLIENT) VALUES (23, 46);
INSERT INTO PANIER (IDPANIER, IDCLIENT) VALUES (24, 14);
INSERT INTO PANIER (IDPANIER, IDCLIENT) VALUES (25, 28);
INSERT INTO PANIER (IDPANIER, IDCLIENT) VALUES (26, 33);
INSERT INTO PANIER (IDPANIER, IDCLIENT) VALUES (27, 49);
INSERT INTO PANIER (IDPANIER, IDCLIENT) VALUES (28, 31);
INSERT INTO PANIER (IDPANIER, IDCLIENT) VALUES (29, 5);
INSERT INTO PANIER (IDPANIER, IDCLIENT) VALUES (30, 35);
INSERT INTO PANIER (IDPANIER, IDCLIENT) VALUES (31, 10);
INSERT INTO PANIER (IDPANIER, IDCLIENT) VALUES (32, 15);
INSERT INTO PANIER (IDPANIER, IDCLIENT) VALUES (33, 34);
INSERT INTO PANIER (IDPANIER, IDCLIENT) VALUES (34, 26);
INSERT INTO PANIER (IDPANIER, IDCLIENT) VALUES (35, 44);
INSERT INTO PANIER (IDPANIER, IDCLIENT) VALUES (36, 48);
INSERT INTO PANIER (IDPANIER, IDCLIENT) VALUES (37, 50);
INSERT INTO PANIER (IDPANIER, IDCLIENT) VALUES (38, 37);
INSERT INTO PANIER (IDPANIER, IDCLIENT) VALUES (39, 1);
INSERT INTO PANIER (IDPANIER, IDCLIENT) VALUES (40, 41);
INSERT INTO PANIER (IDPANIER, IDCLIENT) VALUES (41, 22);
INSERT INTO PANIER (IDPANIER, IDCLIENT) VALUES (42, 9);
INSERT INTO PANIER (IDPANIER, IDCLIENT) VALUES (43, 3);
INSERT INTO PANIER (IDPANIER, IDCLIENT) VALUES (44, 19);
INSERT INTO PANIER (IDPANIER, IDCLIENT) VALUES (45, 7);
INSERT INTO PANIER (IDPANIER, IDCLIENT) VALUES (46, 13);
INSERT INTO PANIER (IDPANIER, IDCLIENT) VALUES (47, 8);
INSERT INTO PANIER (IDPANIER, IDCLIENT) VALUES (48, 25);
INSERT INTO PANIER (IDPANIER, IDCLIENT) VALUES (49, 18);
INSERT INTO PANIER (IDPANIER, IDCLIENT) VALUES (50, 11);

-- 100 Commandes
INSERT INTO COMMANDE (IDCOMMANDE, PRIXCOMMANDE, DATECOMMANDE, IDCLIENT) VALUES (1, 27192, TO_DATE('1993-05-10 23:52:20', 'yyyy-mm-dd hh24:mi:ss'), 33);
INSERT INTO COMMANDE (IDCOMMANDE, PRIXCOMMANDE, DATECOMMANDE, IDCLIENT) VALUES (2, 709672, TO_DATE('1996-10-11 20:15:04', 'yyyy-mm-dd hh24:mi:ss'), 41);
INSERT INTO COMMANDE (IDCOMMANDE, PRIXCOMMANDE, DATECOMMANDE, IDCLIENT) VALUES (3, 572362, TO_DATE('2005-03-11 00:37:28', 'yyyy-mm-dd hh24:mi:ss'), 49);
INSERT INTO COMMANDE (IDCOMMANDE, PRIXCOMMANDE, DATECOMMANDE, IDCLIENT) VALUES (4, 209296, TO_DATE('1983-02-21 06:34:35', 'yyyy-mm-dd hh24:mi:ss'), 35);
INSERT INTO COMMANDE (IDCOMMANDE, PRIXCOMMANDE, DATECOMMANDE, IDCLIENT) VALUES (5, 257633, TO_DATE('2007-10-09 16:59:12', 'yyyy-mm-dd hh24:mi:ss'), 1);
INSERT INTO COMMANDE (IDCOMMANDE, PRIXCOMMANDE, DATECOMMANDE, IDCLIENT) VALUES (6, 998766, TO_DATE('2018-02-23 17:06:42', 'yyyy-mm-dd hh24:mi:ss'), 27);
INSERT INTO COMMANDE (IDCOMMANDE, PRIXCOMMANDE, DATECOMMANDE, IDCLIENT) VALUES (7, 596030, TO_DATE('2009-10-15 22:45:11', 'yyyy-mm-dd hh24:mi:ss'), 3);
INSERT INTO COMMANDE (IDCOMMANDE, PRIXCOMMANDE, DATECOMMANDE, IDCLIENT) VALUES (8, 652814, TO_DATE('1985-03-23 12:43:34', 'yyyy-mm-dd hh24:mi:ss'), 28);
INSERT INTO COMMANDE (IDCOMMANDE, PRIXCOMMANDE, DATECOMMANDE, IDCLIENT) VALUES (9, 290642, TO_DATE('1981-11-10 17:50:30', 'yyyy-mm-dd hh24:mi:ss'), 29);
INSERT INTO COMMANDE (IDCOMMANDE, PRIXCOMMANDE, DATECOMMANDE, IDCLIENT) VALUES (10, 716829, TO_DATE('2009-01-23 20:21:28', 'yyyy-mm-dd hh24:mi:ss'), 11);
INSERT INTO COMMANDE (IDCOMMANDE, PRIXCOMMANDE, DATECOMMANDE, IDCLIENT) VALUES (11, 168345, TO_DATE('1991-08-14 04:03:25', 'yyyy-mm-dd hh24:mi:ss'), 50);
INSERT INTO COMMANDE (IDCOMMANDE, PRIXCOMMANDE, DATECOMMANDE, IDCLIENT) VALUES (12, 603551, TO_DATE('1987-04-17 12:53:27', 'yyyy-mm-dd hh24:mi:ss'), 44);
INSERT INTO COMMANDE (IDCOMMANDE, PRIXCOMMANDE, DATECOMMANDE, IDCLIENT) VALUES (13, 530759, TO_DATE('2020-06-08 02:17:38', 'yyyy-mm-dd hh24:mi:ss'), 25);
INSERT INTO COMMANDE (IDCOMMANDE, PRIXCOMMANDE, DATECOMMANDE, IDCLIENT) VALUES (14, 53304, TO_DATE('1980-02-08 23:45:04', 'yyyy-mm-dd hh24:mi:ss'), 40);
INSERT INTO COMMANDE (IDCOMMANDE, PRIXCOMMANDE, DATECOMMANDE, IDCLIENT) VALUES (15, 620915, TO_DATE('2003-04-01 20:43:34', 'yyyy-mm-dd hh24:mi:ss'), 9);
INSERT INTO COMMANDE (IDCOMMANDE, PRIXCOMMANDE, DATECOMMANDE, IDCLIENT) VALUES (16, 690609, TO_DATE('2013-12-10 03:08:53', 'yyyy-mm-dd hh24:mi:ss'), 8);
INSERT INTO COMMANDE (IDCOMMANDE, PRIXCOMMANDE, DATECOMMANDE, IDCLIENT) VALUES (17, 225226, TO_DATE('1970-07-27 14:17:13', 'yyyy-mm-dd hh24:mi:ss'), 21);
INSERT INTO COMMANDE (IDCOMMANDE, PRIXCOMMANDE, DATECOMMANDE, IDCLIENT) VALUES (18, 538003, TO_DATE('1970-06-23 14:23:36', 'yyyy-mm-dd hh24:mi:ss'), 9);
INSERT INTO COMMANDE (IDCOMMANDE, PRIXCOMMANDE, DATECOMMANDE, IDCLIENT) VALUES (19, 695270, TO_DATE('1982-11-17 15:14:50', 'yyyy-mm-dd hh24:mi:ss'), 42);
INSERT INTO COMMANDE (IDCOMMANDE, PRIXCOMMANDE, DATECOMMANDE, IDCLIENT) VALUES (20, 252502, TO_DATE('1975-01-15 00:09:05', 'yyyy-mm-dd hh24:mi:ss'), 5);
INSERT INTO COMMANDE (IDCOMMANDE, PRIXCOMMANDE, DATECOMMANDE, IDCLIENT) VALUES (21, 181183, TO_DATE('2019-10-20 07:08:47', 'yyyy-mm-dd hh24:mi:ss'), 22);
INSERT INTO COMMANDE (IDCOMMANDE, PRIXCOMMANDE, DATECOMMANDE, IDCLIENT) VALUES (22, 193661, TO_DATE('1981-06-11 21:10:32', 'yyyy-mm-dd hh24:mi:ss'), 39);
INSERT INTO COMMANDE (IDCOMMANDE, PRIXCOMMANDE, DATECOMMANDE, IDCLIENT) VALUES (23, 73859, TO_DATE('2016-06-04 02:57:21', 'yyyy-mm-dd hh24:mi:ss'), 42);
INSERT INTO COMMANDE (IDCOMMANDE, PRIXCOMMANDE, DATECOMMANDE, IDCLIENT) VALUES (24, 628503, TO_DATE('2004-06-15 13:00:26', 'yyyy-mm-dd hh24:mi:ss'), 13);
INSERT INTO COMMANDE (IDCOMMANDE, PRIXCOMMANDE, DATECOMMANDE, IDCLIENT) VALUES (25, 226966, TO_DATE('2022-10-05 07:00:40', 'yyyy-mm-dd hh24:mi:ss'), 25);
INSERT INTO COMMANDE (IDCOMMANDE, PRIXCOMMANDE, DATECOMMANDE, IDCLIENT) VALUES (26, 585050, TO_DATE('1980-05-25 04:47:33', 'yyyy-mm-dd hh24:mi:ss'), 40);
INSERT INTO COMMANDE (IDCOMMANDE, PRIXCOMMANDE, DATECOMMANDE, IDCLIENT) VALUES (27, 557043, TO_DATE('1991-07-14 18:40:32', 'yyyy-mm-dd hh24:mi:ss'), 23);
INSERT INTO COMMANDE (IDCOMMANDE, PRIXCOMMANDE, DATECOMMANDE, IDCLIENT) VALUES (28, 193730, TO_DATE('1989-07-26 16:37:46', 'yyyy-mm-dd hh24:mi:ss'), 20);
INSERT INTO COMMANDE (IDCOMMANDE, PRIXCOMMANDE, DATECOMMANDE, IDCLIENT) VALUES (29, 277755, TO_DATE('1972-02-11 15:47:17', 'yyyy-mm-dd hh24:mi:ss'), 33);
INSERT INTO COMMANDE (IDCOMMANDE, PRIXCOMMANDE, DATECOMMANDE, IDCLIENT) VALUES (30, 680699, TO_DATE('2008-07-18 03:15:56', 'yyyy-mm-dd hh24:mi:ss'), 29);
INSERT INTO COMMANDE (IDCOMMANDE, PRIXCOMMANDE, DATECOMMANDE, IDCLIENT) VALUES (31, 113466, TO_DATE('2021-05-18 17:11:16', 'yyyy-mm-dd hh24:mi:ss'), 35);
INSERT INTO COMMANDE (IDCOMMANDE, PRIXCOMMANDE, DATECOMMANDE, IDCLIENT) VALUES (32, 88142, TO_DATE('1981-02-12 18:03:43', 'yyyy-mm-dd hh24:mi:ss'), 49);
INSERT INTO COMMANDE (IDCOMMANDE, PRIXCOMMANDE, DATECOMMANDE, IDCLIENT) VALUES (33, 301231, TO_DATE('1994-05-03 01:15:37', 'yyyy-mm-dd hh24:mi:ss'), 10);
INSERT INTO COMMANDE (IDCOMMANDE, PRIXCOMMANDE, DATECOMMANDE, IDCLIENT) VALUES (34, 65165, TO_DATE('1994-12-03 18:48:11', 'yyyy-mm-dd hh24:mi:ss'), 37);
INSERT INTO COMMANDE (IDCOMMANDE, PRIXCOMMANDE, DATECOMMANDE, IDCLIENT) VALUES (35, 619938, TO_DATE('2001-12-22 00:51:03', 'yyyy-mm-dd hh24:mi:ss'), 19);
INSERT INTO COMMANDE (IDCOMMANDE, PRIXCOMMANDE, DATECOMMANDE, IDCLIENT) VALUES (36, 182318, TO_DATE('1983-06-29 03:24:38', 'yyyy-mm-dd hh24:mi:ss'), 18);
INSERT INTO COMMANDE (IDCOMMANDE, PRIXCOMMANDE, DATECOMMANDE, IDCLIENT) VALUES (37, 509852, TO_DATE('2007-10-14 10:50:11', 'yyyy-mm-dd hh24:mi:ss'), 7);
INSERT INTO COMMANDE (IDCOMMANDE, PRIXCOMMANDE, DATECOMMANDE, IDCLIENT) VALUES (38, 936271, TO_DATE('1971-12-01 05:22:07', 'yyyy-mm-dd hh24:mi:ss'), 38);
INSERT INTO COMMANDE (IDCOMMANDE, PRIXCOMMANDE, DATECOMMANDE, IDCLIENT) VALUES (39, 473083, TO_DATE('2019-02-22 00:22:50', 'yyyy-mm-dd hh24:mi:ss'), 22);
INSERT INTO COMMANDE (IDCOMMANDE, PRIXCOMMANDE, DATECOMMANDE, IDCLIENT) VALUES (40, 931636, TO_DATE('1975-12-18 04:24:37', 'yyyy-mm-dd hh24:mi:ss'), 45);
INSERT INTO COMMANDE (IDCOMMANDE, PRIXCOMMANDE, DATECOMMANDE, IDCLIENT) VALUES (41, 102623, TO_DATE('1988-09-11 10:48:39', 'yyyy-mm-dd hh24:mi:ss'), 48);
INSERT INTO COMMANDE (IDCOMMANDE, PRIXCOMMANDE, DATECOMMANDE, IDCLIENT) VALUES (42, 549079, TO_DATE('1992-04-16 10:14:58', 'yyyy-mm-dd hh24:mi:ss'), 36);
INSERT INTO COMMANDE (IDCOMMANDE, PRIXCOMMANDE, DATECOMMANDE, IDCLIENT) VALUES (43, 471425, TO_DATE('1992-04-22 11:56:56', 'yyyy-mm-dd hh24:mi:ss'), 12);
INSERT INTO COMMANDE (IDCOMMANDE, PRIXCOMMANDE, DATECOMMANDE, IDCLIENT) VALUES (44, 68511, TO_DATE('2008-07-22 06:01:56', 'yyyy-mm-dd hh24:mi:ss'), 6);
INSERT INTO COMMANDE (IDCOMMANDE, PRIXCOMMANDE, DATECOMMANDE, IDCLIENT) VALUES (45, 390358, TO_DATE('2002-12-18 23:20:03', 'yyyy-mm-dd hh24:mi:ss'), 31);
INSERT INTO COMMANDE (IDCOMMANDE, PRIXCOMMANDE, DATECOMMANDE, IDCLIENT) VALUES (46, 637863, TO_DATE('2012-12-26 05:33:55', 'yyyy-mm-dd hh24:mi:ss'), 14);
INSERT INTO COMMANDE (IDCOMMANDE, PRIXCOMMANDE, DATECOMMANDE, IDCLIENT) VALUES (47, 46435, TO_DATE('2021-06-08 13:13:54', 'yyyy-mm-dd hh24:mi:ss'), 5);
INSERT INTO COMMANDE (IDCOMMANDE, PRIXCOMMANDE, DATECOMMANDE, IDCLIENT) VALUES (48, 441379, TO_DATE('2005-06-10 19:57:41', 'yyyy-mm-dd hh24:mi:ss'), 26);
INSERT INTO COMMANDE (IDCOMMANDE, PRIXCOMMANDE, DATECOMMANDE, IDCLIENT) VALUES (49, 589266, TO_DATE('1982-04-29 20:33:57', 'yyyy-mm-dd hh24:mi:ss'), 28);
INSERT INTO COMMANDE (IDCOMMANDE, PRIXCOMMANDE, DATECOMMANDE, IDCLIENT) VALUES (50, 558213, TO_DATE('1978-02-20 05:02:37', 'yyyy-mm-dd hh24:mi:ss'), 46);
INSERT INTO COMMANDE (IDCOMMANDE, PRIXCOMMANDE, DATECOMMANDE, IDCLIENT) VALUES (51, 592650, TO_DATE('2010-08-14 22:40:19', 'yyyy-mm-dd hh24:mi:ss'), 17);
INSERT INTO COMMANDE (IDCOMMANDE, PRIXCOMMANDE, DATECOMMANDE, IDCLIENT) VALUES (52, 73303, TO_DATE('1975-12-26 08:48:24', 'yyyy-mm-dd hh24:mi:ss'), 15);
INSERT INTO COMMANDE (IDCOMMANDE, PRIXCOMMANDE, DATECOMMANDE, IDCLIENT) VALUES (53, 3890, TO_DATE('2015-03-28 18:11:30', 'yyyy-mm-dd hh24:mi:ss'), 11);
INSERT INTO COMMANDE (IDCOMMANDE, PRIXCOMMANDE, DATECOMMANDE, IDCLIENT) VALUES (54, 562073, TO_DATE('1978-07-19 05:09:16', 'yyyy-mm-dd hh24:mi:ss'), 44);
INSERT INTO COMMANDE (IDCOMMANDE, PRIXCOMMANDE, DATECOMMANDE, IDCLIENT) VALUES (55, 670700, TO_DATE('2004-05-23 13:37:30', 'yyyy-mm-dd hh24:mi:ss'), 23);
INSERT INTO COMMANDE (IDCOMMANDE, PRIXCOMMANDE, DATECOMMANDE, IDCLIENT) VALUES (56, 437504, TO_DATE('2016-01-31 00:42:20', 'yyyy-mm-dd hh24:mi:ss'), 13);
INSERT INTO COMMANDE (IDCOMMANDE, PRIXCOMMANDE, DATECOMMANDE, IDCLIENT) VALUES (57, 863245, TO_DATE('2007-07-14 23:57:40', 'yyyy-mm-dd hh24:mi:ss'), 46);
INSERT INTO COMMANDE (IDCOMMANDE, PRIXCOMMANDE, DATECOMMANDE, IDCLIENT) VALUES (58, 607068, TO_DATE('1990-06-20 02:16:40', 'yyyy-mm-dd hh24:mi:ss'), 31);
INSERT INTO COMMANDE (IDCOMMANDE, PRIXCOMMANDE, DATECOMMANDE, IDCLIENT) VALUES (59, 34267, TO_DATE('2010-05-15 13:13:50', 'yyyy-mm-dd hh24:mi:ss'), 4);
INSERT INTO COMMANDE (IDCOMMANDE, PRIXCOMMANDE, DATECOMMANDE, IDCLIENT) VALUES (60, 154164, TO_DATE('2009-09-08 22:31:45', 'yyyy-mm-dd hh24:mi:ss'), 37);
INSERT INTO COMMANDE (IDCOMMANDE, PRIXCOMMANDE, DATECOMMANDE, IDCLIENT) VALUES (61, 59772, TO_DATE('2014-10-02 08:49:49', 'yyyy-mm-dd hh24:mi:ss'), 19);
INSERT INTO COMMANDE (IDCOMMANDE, PRIXCOMMANDE, DATECOMMANDE, IDCLIENT) VALUES (62, 313055, TO_DATE('2015-11-06 16:22:27', 'yyyy-mm-dd hh24:mi:ss'), 30);
INSERT INTO COMMANDE (IDCOMMANDE, PRIXCOMMANDE, DATECOMMANDE, IDCLIENT) VALUES (63, 315929, TO_DATE('2018-08-27 09:48:31', 'yyyy-mm-dd hh24:mi:ss'), 1);
INSERT INTO COMMANDE (IDCOMMANDE, PRIXCOMMANDE, DATECOMMANDE, IDCLIENT) VALUES (64, 319457, TO_DATE('2014-08-18 02:35:24', 'yyyy-mm-dd hh24:mi:ss'), 43);
INSERT INTO COMMANDE (IDCOMMANDE, PRIXCOMMANDE, DATECOMMANDE, IDCLIENT) VALUES (65, 753912, TO_DATE('1983-12-01 09:29:23', 'yyyy-mm-dd hh24:mi:ss'), 34);
INSERT INTO COMMANDE (IDCOMMANDE, PRIXCOMMANDE, DATECOMMANDE, IDCLIENT) VALUES (66, 944212, TO_DATE('1971-04-06 07:01:39', 'yyyy-mm-dd hh24:mi:ss'), 32);
INSERT INTO COMMANDE (IDCOMMANDE, PRIXCOMMANDE, DATECOMMANDE, IDCLIENT) VALUES (67, 973963, TO_DATE('2018-12-19 12:39:35', 'yyyy-mm-dd hh24:mi:ss'), 43);
INSERT INTO COMMANDE (IDCOMMANDE, PRIXCOMMANDE, DATECOMMANDE, IDCLIENT) VALUES (68, 221113, TO_DATE('2005-05-07 06:32:53', 'yyyy-mm-dd hh24:mi:ss'), 45);
INSERT INTO COMMANDE (IDCOMMANDE, PRIXCOMMANDE, DATECOMMANDE, IDCLIENT) VALUES (69, 708718, TO_DATE('2008-05-10 11:37:12', 'yyyy-mm-dd hh24:mi:ss'), 34);
INSERT INTO COMMANDE (IDCOMMANDE, PRIXCOMMANDE, DATECOMMANDE, IDCLIENT) VALUES (70, 846804, TO_DATE('1998-11-15 16:57:07', 'yyyy-mm-dd hh24:mi:ss'), 21);
INSERT INTO COMMANDE (IDCOMMANDE, PRIXCOMMANDE, DATECOMMANDE, IDCLIENT) VALUES (71, 857255, TO_DATE('2006-07-09 00:06:54', 'yyyy-mm-dd hh24:mi:ss'), 16);
INSERT INTO COMMANDE (IDCOMMANDE, PRIXCOMMANDE, DATECOMMANDE, IDCLIENT) VALUES (72, 440590, TO_DATE('2019-03-27 23:26:34', 'yyyy-mm-dd hh24:mi:ss'), 24);
INSERT INTO COMMANDE (IDCOMMANDE, PRIXCOMMANDE, DATECOMMANDE, IDCLIENT) VALUES (73, 811515, TO_DATE('1990-10-02 19:38:23', 'yyyy-mm-dd hh24:mi:ss'), 20);
INSERT INTO COMMANDE (IDCOMMANDE, PRIXCOMMANDE, DATECOMMANDE, IDCLIENT) VALUES (74, 167935, TO_DATE('1971-07-13 06:13:00', 'yyyy-mm-dd hh24:mi:ss'), 15);
INSERT INTO COMMANDE (IDCOMMANDE, PRIXCOMMANDE, DATECOMMANDE, IDCLIENT) VALUES (75, 400469, TO_DATE('2022-08-30 15:55:03', 'yyyy-mm-dd hh24:mi:ss'), 32);
INSERT INTO COMMANDE (IDCOMMANDE, PRIXCOMMANDE, DATECOMMANDE, IDCLIENT) VALUES (76, 572841, TO_DATE('1974-02-09 02:01:34', 'yyyy-mm-dd hh24:mi:ss'), 48);
INSERT INTO COMMANDE (IDCOMMANDE, PRIXCOMMANDE, DATECOMMANDE, IDCLIENT) VALUES (77, 77030, TO_DATE('1973-12-30 17:42:22', 'yyyy-mm-dd hh24:mi:ss'), 14);
INSERT INTO COMMANDE (IDCOMMANDE, PRIXCOMMANDE, DATECOMMANDE, IDCLIENT) VALUES (78, 89358, TO_DATE('1996-03-18 14:42:54', 'yyyy-mm-dd hh24:mi:ss'), 47);
INSERT INTO COMMANDE (IDCOMMANDE, PRIXCOMMANDE, DATECOMMANDE, IDCLIENT) VALUES (79, 614922, TO_DATE('2022-06-02 13:07:35', 'yyyy-mm-dd hh24:mi:ss'), 36);
INSERT INTO COMMANDE (IDCOMMANDE, PRIXCOMMANDE, DATECOMMANDE, IDCLIENT) VALUES (80, 373057, TO_DATE('2000-01-18 06:44:48', 'yyyy-mm-dd hh24:mi:ss'), 17);
INSERT INTO COMMANDE (IDCOMMANDE, PRIXCOMMANDE, DATECOMMANDE, IDCLIENT) VALUES (81, 4001, TO_DATE('1974-05-28 18:54:29', 'yyyy-mm-dd hh24:mi:ss'), 2);
INSERT INTO COMMANDE (IDCOMMANDE, PRIXCOMMANDE, DATECOMMANDE, IDCLIENT) VALUES (82, 105211, TO_DATE('2011-06-03 15:14:43', 'yyyy-mm-dd hh24:mi:ss'), 8);
INSERT INTO COMMANDE (IDCOMMANDE, PRIXCOMMANDE, DATECOMMANDE, IDCLIENT) VALUES (83, 277143, TO_DATE('2001-08-19 10:33:57', 'yyyy-mm-dd hh24:mi:ss'), 16);
INSERT INTO COMMANDE (IDCOMMANDE, PRIXCOMMANDE, DATECOMMANDE, IDCLIENT) VALUES (84, 141205, TO_DATE('2021-12-10 13:33:01', 'yyyy-mm-dd hh24:mi:ss'), 4);
INSERT INTO COMMANDE (IDCOMMANDE, PRIXCOMMANDE, DATECOMMANDE, IDCLIENT) VALUES (85, 811036, TO_DATE('1990-03-04 02:49:27', 'yyyy-mm-dd hh24:mi:ss'), 38);
INSERT INTO COMMANDE (IDCOMMANDE, PRIXCOMMANDE, DATECOMMANDE, IDCLIENT) VALUES (86, 893717, TO_DATE('1977-12-15 02:01:45', 'yyyy-mm-dd hh24:mi:ss'), 50);
INSERT INTO COMMANDE (IDCOMMANDE, PRIXCOMMANDE, DATECOMMANDE, IDCLIENT) VALUES (87, 512689, TO_DATE('1997-08-30 02:45:48', 'yyyy-mm-dd hh24:mi:ss'), 18);
INSERT INTO COMMANDE (IDCOMMANDE, PRIXCOMMANDE, DATECOMMANDE, IDCLIENT) VALUES (88, 300421, TO_DATE('1980-08-15 20:20:58', 'yyyy-mm-dd hh24:mi:ss'), 30);
INSERT INTO COMMANDE (IDCOMMANDE, PRIXCOMMANDE, DATECOMMANDE, IDCLIENT) VALUES (89, 7471, TO_DATE('1998-01-14 04:11:35', 'yyyy-mm-dd hh24:mi:ss'), 41);
INSERT INTO COMMANDE (IDCOMMANDE, PRIXCOMMANDE, DATECOMMANDE, IDCLIENT) VALUES (90, 708263, TO_DATE('2003-02-16 01:13:42', 'yyyy-mm-dd hh24:mi:ss'), 7);
INSERT INTO COMMANDE (IDCOMMANDE, PRIXCOMMANDE, DATECOMMANDE, IDCLIENT) VALUES (91, 401863, TO_DATE('2012-08-29 22:40:11', 'yyyy-mm-dd hh24:mi:ss'), 10);
INSERT INTO COMMANDE (IDCOMMANDE, PRIXCOMMANDE, DATECOMMANDE, IDCLIENT) VALUES (92, 781983, TO_DATE('1999-03-14 15:58:23', 'yyyy-mm-dd hh24:mi:ss'), 47);
INSERT INTO COMMANDE (IDCOMMANDE, PRIXCOMMANDE, DATECOMMANDE, IDCLIENT) VALUES (93, 921379, TO_DATE('2003-11-02 20:35:27', 'yyyy-mm-dd hh24:mi:ss'), 12);
INSERT INTO COMMANDE (IDCOMMANDE, PRIXCOMMANDE, DATECOMMANDE, IDCLIENT) VALUES (94, 190950, TO_DATE('1988-03-17 13:03:26', 'yyyy-mm-dd hh24:mi:ss'), 6);
INSERT INTO COMMANDE (IDCOMMANDE, PRIXCOMMANDE, DATECOMMANDE, IDCLIENT) VALUES (95, 396620, TO_DATE('1999-12-17 04:07:30', 'yyyy-mm-dd hh24:mi:ss'), 39);
INSERT INTO COMMANDE (IDCOMMANDE, PRIXCOMMANDE, DATECOMMANDE, IDCLIENT) VALUES (96, 621348, TO_DATE('1997-06-14 10:45:29', 'yyyy-mm-dd hh24:mi:ss'), 2);
INSERT INTO COMMANDE (IDCOMMANDE, PRIXCOMMANDE, DATECOMMANDE, IDCLIENT) VALUES (97, 227421, TO_DATE('2013-10-09 09:58:18', 'yyyy-mm-dd hh24:mi:ss'), 24);
INSERT INTO COMMANDE (IDCOMMANDE, PRIXCOMMANDE, DATECOMMANDE, IDCLIENT) VALUES (98, 283892, TO_DATE('1980-05-08 10:41:31', 'yyyy-mm-dd hh24:mi:ss'), 27);
INSERT INTO COMMANDE (IDCOMMANDE, PRIXCOMMANDE, DATECOMMANDE, IDCLIENT) VALUES (99, 917331, TO_DATE('1993-11-05 06:24:04', 'yyyy-mm-dd hh24:mi:ss'), 26);
INSERT INTO COMMANDE (IDCOMMANDE, PRIXCOMMANDE, DATECOMMANDE, IDCLIENT) VALUES (100, 71306, TO_DATE('1983-12-10 06:50:34', 'yyyy-mm-dd hh24:mi:ss'), 3);

-- Contenir (temporaire)
INSERT INTO CONTENIR (IDPANIER, IDPRODUIT, QUANTITEPRODUIT, PRIXPRODUIT, DESCRIPTIFPRODUIT) VALUES (1, 1, 39, 16610, 'Occaecati nihil hic ad.');
INSERT INTO CONTENIR (IDPANIER, IDPRODUIT, QUANTITEPRODUIT, PRIXPRODUIT, DESCRIPTIFPRODUIT) VALUES (2, 2, 12, 2749, 'Tempore veritatis quaerat qui.');
INSERT INTO CONTENIR (IDPANIER, IDPRODUIT, QUANTITEPRODUIT, PRIXPRODUIT, DESCRIPTIFPRODUIT) VALUES (3, 3, 90, 10452, 'Accusamus dicta eius odit.');
INSERT INTO CONTENIR (IDPANIER, IDPRODUIT, QUANTITEPRODUIT, PRIXPRODUIT, DESCRIPTIFPRODUIT) VALUES (4, 4, 24, 7863, 'Sint natus.');
INSERT INTO CONTENIR (IDPANIER, IDPRODUIT, QUANTITEPRODUIT, PRIXPRODUIT, DESCRIPTIFPRODUIT) VALUES (5, 5, 84, 15694, 'Vel atque perferendis minus.');
INSERT INTO CONTENIR (IDPANIER, IDPRODUIT, QUANTITEPRODUIT, PRIXPRODUIT, DESCRIPTIFPRODUIT) VALUES (6, 6, 72, 2721, 'Enim eveniet distinctio mollitia.');
INSERT INTO CONTENIR (IDPANIER, IDPRODUIT, QUANTITEPRODUIT, PRIXPRODUIT, DESCRIPTIFPRODUIT) VALUES (8, 8, 9, 4037, 'Et molestiae est velit repudiandae.');
INSERT INTO CONTENIR (IDPANIER, IDPRODUIT, QUANTITEPRODUIT, PRIXPRODUIT, DESCRIPTIFPRODUIT) VALUES (9, 9, 75, 9533, 'Aut sapiente optio consequatur.');
INSERT INTO CONTENIR (IDPANIER, IDPRODUIT, QUANTITEPRODUIT, PRIXPRODUIT, DESCRIPTIFPRODUIT) VALUES (10, 10, 17, 6197, 'Est qui ipsum.');
INSERT INTO CONTENIR (IDPANIER, IDPRODUIT, QUANTITEPRODUIT, PRIXPRODUIT, DESCRIPTIFPRODUIT) VALUES (11, 11, 8, 9684, 'Voluptates est laudantium dolorem.');
INSERT INTO CONTENIR (IDPANIER, IDPRODUIT, QUANTITEPRODUIT, PRIXPRODUIT, DESCRIPTIFPRODUIT) VALUES (12, 12, 30, 19234, 'Itaque officia aut.');
INSERT INTO CONTENIR (IDPANIER, IDPRODUIT, QUANTITEPRODUIT, PRIXPRODUIT, DESCRIPTIFPRODUIT) VALUES (13, 13, 77, 15032, 'Voluptates eos et totam.');
INSERT INTO CONTENIR (IDPANIER, IDPRODUIT, QUANTITEPRODUIT, PRIXPRODUIT, DESCRIPTIFPRODUIT) VALUES (14, 14, 26, 6855, 'Illum tenetur veniam quas.');
INSERT INTO CONTENIR (IDPANIER, IDPRODUIT, QUANTITEPRODUIT, PRIXPRODUIT, DESCRIPTIFPRODUIT) VALUES (15, 15, 2, 4109, 'Est molestias quasi et.');
INSERT INTO CONTENIR (IDPANIER, IDPRODUIT, QUANTITEPRODUIT, PRIXPRODUIT, DESCRIPTIFPRODUIT) VALUES (16, 16, 14, 1640, 'Est veritatis vel ipsam.');
INSERT INTO CONTENIR (IDPANIER, IDPRODUIT, QUANTITEPRODUIT, PRIXPRODUIT, DESCRIPTIFPRODUIT) VALUES (17, 17, 50, 2622, 'Laboriosam nemo est excepturi.');
INSERT INTO CONTENIR (IDPANIER, IDPRODUIT, QUANTITEPRODUIT, PRIXPRODUIT, DESCRIPTIFPRODUIT) VALUES (18, 18, 31, 19593, 'Soluta dignissimos sit amet.');
INSERT INTO CONTENIR (IDPANIER, IDPRODUIT, QUANTITEPRODUIT, PRIXPRODUIT, DESCRIPTIFPRODUIT) VALUES (19, 19, 91, 8578, 'Eaque est reiciendis.');
INSERT INTO CONTENIR (IDPANIER, IDPRODUIT, QUANTITEPRODUIT, PRIXPRODUIT, DESCRIPTIFPRODUIT) VALUES (20, 20, 7, 12206, 'Aut dolores eum.');
INSERT INTO CONTENIR (IDPANIER, IDPRODUIT, QUANTITEPRODUIT, PRIXPRODUIT, DESCRIPTIFPRODUIT) VALUES (21, 21, 38, 15601, 'Illo ab odio dolores.');
INSERT INTO CONTENIR (IDPANIER, IDPRODUIT, QUANTITEPRODUIT, PRIXPRODUIT, DESCRIPTIFPRODUIT) VALUES (22, 22, 32, 4785, 'Non quia praesentium qui.');
INSERT INTO CONTENIR (IDPANIER, IDPRODUIT, QUANTITEPRODUIT, PRIXPRODUIT, DESCRIPTIFPRODUIT) VALUES (23, 23, 14, 8568, 'In eum qui.');
INSERT INTO CONTENIR (IDPANIER, IDPRODUIT, QUANTITEPRODUIT, PRIXPRODUIT, DESCRIPTIFPRODUIT) VALUES (24, 24, 90, 7528, 'Quis voluptatem dolores optio.');
INSERT INTO CONTENIR (IDPANIER, IDPRODUIT, QUANTITEPRODUIT, PRIXPRODUIT, DESCRIPTIFPRODUIT) VALUES (25, 25, 35, 11918, 'Qui quia ipsa.');
INSERT INTO CONTENIR (IDPANIER, IDPRODUIT, QUANTITEPRODUIT, PRIXPRODUIT, DESCRIPTIFPRODUIT) VALUES (26, 26, 81, 8818, 'Voluptas maxime.');
INSERT INTO CONTENIR (IDPANIER, IDPRODUIT, QUANTITEPRODUIT, PRIXPRODUIT, DESCRIPTIFPRODUIT) VALUES (27, 27, 51, 19222, 'Repellat et ullam.');
INSERT INTO CONTENIR (IDPANIER, IDPRODUIT, QUANTITEPRODUIT, PRIXPRODUIT, DESCRIPTIFPRODUIT) VALUES (28, 28, 66, 8653, 'Quia eligendi rerum.');
INSERT INTO CONTENIR (IDPANIER, IDPRODUIT, QUANTITEPRODUIT, PRIXPRODUIT, DESCRIPTIFPRODUIT) VALUES (29, 29, 43, 7076, 'Et hic omnis.');
INSERT INTO CONTENIR (IDPANIER, IDPRODUIT, QUANTITEPRODUIT, PRIXPRODUIT, DESCRIPTIFPRODUIT) VALUES (30, 30, 10, 5486, 'Dolores fugit beatae.');
INSERT INTO CONTENIR (IDPANIER, IDPRODUIT, QUANTITEPRODUIT, PRIXPRODUIT, DESCRIPTIFPRODUIT) VALUES (31, 31, 68, 2677, 'Omnis minima aspernatur dolore.');
INSERT INTO CONTENIR (IDPANIER, IDPRODUIT, QUANTITEPRODUIT, PRIXPRODUIT, DESCRIPTIFPRODUIT) VALUES (32, 32, 45, 122, 'Rem exercitationem quia.');
INSERT INTO CONTENIR (IDPANIER, IDPRODUIT, QUANTITEPRODUIT, PRIXPRODUIT, DESCRIPTIFPRODUIT) VALUES (33, 33, 14, 10054, 'Rem sit ex quis.');
INSERT INTO CONTENIR (IDPANIER, IDPRODUIT, QUANTITEPRODUIT, PRIXPRODUIT, DESCRIPTIFPRODUIT) VALUES (34, 34, 88, 7937, 'Ut mollitia.');
INSERT INTO CONTENIR (IDPANIER, IDPRODUIT, QUANTITEPRODUIT, PRIXPRODUIT, DESCRIPTIFPRODUIT) VALUES (35, 35, 18, 18552, 'Quas sapiente quaerat accusamus.');
INSERT INTO CONTENIR (IDPANIER, IDPRODUIT, QUANTITEPRODUIT, PRIXPRODUIT, DESCRIPTIFPRODUIT) VALUES (36, 36, 40, 15430, 'Rem iusto veniam enim.');
INSERT INTO CONTENIR (IDPANIER, IDPRODUIT, QUANTITEPRODUIT, PRIXPRODUIT, DESCRIPTIFPRODUIT) VALUES (37, 37, 38, 10687, 'Sed blanditiis autem velit.');
INSERT INTO CONTENIR (IDPANIER, IDPRODUIT, QUANTITEPRODUIT, PRIXPRODUIT, DESCRIPTIFPRODUIT) VALUES (38, 38, 85, 14767, 'Facilis amet dignissimos.');
INSERT INTO CONTENIR (IDPANIER, IDPRODUIT, QUANTITEPRODUIT, PRIXPRODUIT, DESCRIPTIFPRODUIT) VALUES (39, 39, 72, 3670, 'Ipsa repudiandae dolorem occaecati.');
INSERT INTO CONTENIR (IDPANIER, IDPRODUIT, QUANTITEPRODUIT, PRIXPRODUIT, DESCRIPTIFPRODUIT) VALUES (40, 40, 62, 15676, 'Voluptate et.');
INSERT INTO CONTENIR (IDPANIER, IDPRODUIT, QUANTITEPRODUIT, PRIXPRODUIT, DESCRIPTIFPRODUIT) VALUES (41, 41, 3, 6846, 'Rerum quasi inventore porro.');
INSERT INTO CONTENIR (IDPANIER, IDPRODUIT, QUANTITEPRODUIT, PRIXPRODUIT, DESCRIPTIFPRODUIT) VALUES (42, 42, 96, 4952, 'Veniam mollitia id dolorem.');
INSERT INTO CONTENIR (IDPANIER, IDPRODUIT, QUANTITEPRODUIT, PRIXPRODUIT, DESCRIPTIFPRODUIT) VALUES (43, 43, 70, 4282, 'Qui sint odio natus.');
INSERT INTO CONTENIR (IDPANIER, IDPRODUIT, QUANTITEPRODUIT, PRIXPRODUIT, DESCRIPTIFPRODUIT) VALUES (44, 44, 89, 16805, 'Dolor minus in.');
INSERT INTO CONTENIR (IDPANIER, IDPRODUIT, QUANTITEPRODUIT, PRIXPRODUIT, DESCRIPTIFPRODUIT) VALUES (45, 45, 53, 18253, 'Occaecati officia perferendis.');
INSERT INTO CONTENIR (IDPANIER, IDPRODUIT, QUANTITEPRODUIT, PRIXPRODUIT, DESCRIPTIFPRODUIT) VALUES (46, 46, 86, 12380, 'Facere laudantium minima alias doloremque.');
INSERT INTO CONTENIR (IDPANIER, IDPRODUIT, QUANTITEPRODUIT, PRIXPRODUIT, DESCRIPTIFPRODUIT) VALUES (47, 47, 10, 14803, 'Quia odio incidunt aut.');
INSERT INTO CONTENIR (IDPANIER, IDPRODUIT, QUANTITEPRODUIT, PRIXPRODUIT, DESCRIPTIFPRODUIT) VALUES (48, 48, 41, 10612, 'Non dolor minus eius.');
INSERT INTO CONTENIR (IDPANIER, IDPRODUIT, QUANTITEPRODUIT, PRIXPRODUIT, DESCRIPTIFPRODUIT) VALUES (49, 49, 2, 12670, 'Quas temporibus voluptates.');
INSERT INTO CONTENIR (IDPANIER, IDPRODUIT, QUANTITEPRODUIT, PRIXPRODUIT, DESCRIPTIFPRODUIT) VALUES (50, 50, 91, 12741, 'In expedita.');

-- Renseigner
INSERT INTO RENSEIGNER (IDCOMMANDE, IDPRODUIT, QUANTITEPRODUIT, DESCRIPTIFPRODUIT) VALUES (1, 1, 69, NULL);
INSERT INTO RENSEIGNER (IDCOMMANDE, IDPRODUIT, QUANTITEPRODUIT, DESCRIPTIFPRODUIT) VALUES (2, 2, 67, NULL);
INSERT INTO RENSEIGNER (IDCOMMANDE, IDPRODUIT, QUANTITEPRODUIT, DESCRIPTIFPRODUIT) VALUES (3, 3, 23, NULL);
INSERT INTO RENSEIGNER (IDCOMMANDE, IDPRODUIT, QUANTITEPRODUIT, DESCRIPTIFPRODUIT) VALUES (4, 4, 51, NULL);
INSERT INTO RENSEIGNER (IDCOMMANDE, IDPRODUIT, QUANTITEPRODUIT, DESCRIPTIFPRODUIT) VALUES (5, 5, 79, NULL);
INSERT INTO RENSEIGNER (IDCOMMANDE, IDPRODUIT, QUANTITEPRODUIT, DESCRIPTIFPRODUIT) VALUES (6, 6, 54, NULL);
INSERT INTO RENSEIGNER (IDCOMMANDE, IDPRODUIT, QUANTITEPRODUIT, DESCRIPTIFPRODUIT) VALUES (7, 7, 10, NULL);
INSERT INTO RENSEIGNER (IDCOMMANDE, IDPRODUIT, QUANTITEPRODUIT, DESCRIPTIFPRODUIT) VALUES (8, 8, 44, NULL);
INSERT INTO RENSEIGNER (IDCOMMANDE, IDPRODUIT, QUANTITEPRODUIT, DESCRIPTIFPRODUIT) VALUES (9, 9, 61, NULL);
INSERT INTO RENSEIGNER (IDCOMMANDE, IDPRODUIT, QUANTITEPRODUIT, DESCRIPTIFPRODUIT) VALUES (10, 10, 14, NULL);
INSERT INTO RENSEIGNER (IDCOMMANDE, IDPRODUIT, QUANTITEPRODUIT, DESCRIPTIFPRODUIT) VALUES (11, 11, 32, NULL);
INSERT INTO RENSEIGNER (IDCOMMANDE, IDPRODUIT, QUANTITEPRODUIT, DESCRIPTIFPRODUIT) VALUES (12, 12, 1, NULL);
INSERT INTO RENSEIGNER (IDCOMMANDE, IDPRODUIT, QUANTITEPRODUIT, DESCRIPTIFPRODUIT) VALUES (13, 13, 95, NULL);
INSERT INTO RENSEIGNER (IDCOMMANDE, IDPRODUIT, QUANTITEPRODUIT, DESCRIPTIFPRODUIT) VALUES (14, 14, 37, NULL);
INSERT INTO RENSEIGNER (IDCOMMANDE, IDPRODUIT, QUANTITEPRODUIT, DESCRIPTIFPRODUIT) VALUES (15, 15, 97, NULL);
INSERT INTO RENSEIGNER (IDCOMMANDE, IDPRODUIT, QUANTITEPRODUIT, DESCRIPTIFPRODUIT) VALUES (16, 16, 14, NULL);
INSERT INTO RENSEIGNER (IDCOMMANDE, IDPRODUIT, QUANTITEPRODUIT, DESCRIPTIFPRODUIT) VALUES (17, 17, 83, NULL);
INSERT INTO RENSEIGNER (IDCOMMANDE, IDPRODUIT, QUANTITEPRODUIT, DESCRIPTIFPRODUIT) VALUES (18, 18, 47, NULL);
INSERT INTO RENSEIGNER (IDCOMMANDE, IDPRODUIT, QUANTITEPRODUIT, DESCRIPTIFPRODUIT) VALUES (19, 19, 36, NULL);
INSERT INTO RENSEIGNER (IDCOMMANDE, IDPRODUIT, QUANTITEPRODUIT, DESCRIPTIFPRODUIT) VALUES (20, 20, 10, NULL);
INSERT INTO RENSEIGNER (IDCOMMANDE, IDPRODUIT, QUANTITEPRODUIT, DESCRIPTIFPRODUIT) VALUES (21, 21, 10, NULL);
INSERT INTO RENSEIGNER (IDCOMMANDE, IDPRODUIT, QUANTITEPRODUIT, DESCRIPTIFPRODUIT) VALUES (22, 22, 35, NULL);
INSERT INTO RENSEIGNER (IDCOMMANDE, IDPRODUIT, QUANTITEPRODUIT, DESCRIPTIFPRODUIT) VALUES (23, 23, 53, NULL);
INSERT INTO RENSEIGNER (IDCOMMANDE, IDPRODUIT, QUANTITEPRODUIT, DESCRIPTIFPRODUIT) VALUES (24, 24, 7, NULL);
INSERT INTO RENSEIGNER (IDCOMMANDE, IDPRODUIT, QUANTITEPRODUIT, DESCRIPTIFPRODUIT) VALUES (25, 25, 48, NULL);
INSERT INTO RENSEIGNER (IDCOMMANDE, IDPRODUIT, QUANTITEPRODUIT, DESCRIPTIFPRODUIT) VALUES (26, 26, 73, NULL);
INSERT INTO RENSEIGNER (IDCOMMANDE, IDPRODUIT, QUANTITEPRODUIT, DESCRIPTIFPRODUIT) VALUES (27, 27, 86, NULL);
INSERT INTO RENSEIGNER (IDCOMMANDE, IDPRODUIT, QUANTITEPRODUIT, DESCRIPTIFPRODUIT) VALUES (28, 28, 4, NULL);
INSERT INTO RENSEIGNER (IDCOMMANDE, IDPRODUIT, QUANTITEPRODUIT, DESCRIPTIFPRODUIT) VALUES (29, 29, 92, NULL);
INSERT INTO RENSEIGNER (IDCOMMANDE, IDPRODUIT, QUANTITEPRODUIT, DESCRIPTIFPRODUIT) VALUES (30, 30, 20, NULL);
INSERT INTO RENSEIGNER (IDCOMMANDE, IDPRODUIT, QUANTITEPRODUIT, DESCRIPTIFPRODUIT) VALUES (31, 31, 48, NULL);
INSERT INTO RENSEIGNER (IDCOMMANDE, IDPRODUIT, QUANTITEPRODUIT, DESCRIPTIFPRODUIT) VALUES (32, 32, 93, NULL);
INSERT INTO RENSEIGNER (IDCOMMANDE, IDPRODUIT, QUANTITEPRODUIT, DESCRIPTIFPRODUIT) VALUES (33, 33, 51, NULL);
INSERT INTO RENSEIGNER (IDCOMMANDE, IDPRODUIT, QUANTITEPRODUIT, DESCRIPTIFPRODUIT) VALUES (34, 34, 89, NULL);
INSERT INTO RENSEIGNER (IDCOMMANDE, IDPRODUIT, QUANTITEPRODUIT, DESCRIPTIFPRODUIT) VALUES (35, 35, 30, NULL);
INSERT INTO RENSEIGNER (IDCOMMANDE, IDPRODUIT, QUANTITEPRODUIT, DESCRIPTIFPRODUIT) VALUES (36, 36, 87, NULL);
INSERT INTO RENSEIGNER (IDCOMMANDE, IDPRODUIT, QUANTITEPRODUIT, DESCRIPTIFPRODUIT) VALUES (37, 37, 88, NULL);
INSERT INTO RENSEIGNER (IDCOMMANDE, IDPRODUIT, QUANTITEPRODUIT, DESCRIPTIFPRODUIT) VALUES (38, 38, 25, NULL);
INSERT INTO RENSEIGNER (IDCOMMANDE, IDPRODUIT, QUANTITEPRODUIT, DESCRIPTIFPRODUIT) VALUES (39, 39, 57, NULL);
INSERT INTO RENSEIGNER (IDCOMMANDE, IDPRODUIT, QUANTITEPRODUIT, DESCRIPTIFPRODUIT) VALUES (40, 40, 58, NULL);
INSERT INTO RENSEIGNER (IDCOMMANDE, IDPRODUIT, QUANTITEPRODUIT, DESCRIPTIFPRODUIT) VALUES (41, 41, 92, NULL);
INSERT INTO RENSEIGNER (IDCOMMANDE, IDPRODUIT, QUANTITEPRODUIT, DESCRIPTIFPRODUIT) VALUES (42, 42, 74, NULL);
INSERT INTO RENSEIGNER (IDCOMMANDE, IDPRODUIT, QUANTITEPRODUIT, DESCRIPTIFPRODUIT) VALUES (43, 43, 26, NULL);
INSERT INTO RENSEIGNER (IDCOMMANDE, IDPRODUIT, QUANTITEPRODUIT, DESCRIPTIFPRODUIT) VALUES (44, 44, 5, NULL);
INSERT INTO RENSEIGNER (IDCOMMANDE, IDPRODUIT, QUANTITEPRODUIT, DESCRIPTIFPRODUIT) VALUES (45, 45, 3, NULL);
INSERT INTO RENSEIGNER (IDCOMMANDE, IDPRODUIT, QUANTITEPRODUIT, DESCRIPTIFPRODUIT) VALUES (46, 46, 56, NULL);
INSERT INTO RENSEIGNER (IDCOMMANDE, IDPRODUIT, QUANTITEPRODUIT, DESCRIPTIFPRODUIT) VALUES (47, 47, 16, NULL);
INSERT INTO RENSEIGNER (IDCOMMANDE, IDPRODUIT, QUANTITEPRODUIT, DESCRIPTIFPRODUIT) VALUES (48, 48, 64, NULL);
INSERT INTO RENSEIGNER (IDCOMMANDE, IDPRODUIT, QUANTITEPRODUIT, DESCRIPTIFPRODUIT) VALUES (49, 49, 15, NULL);
INSERT INTO RENSEIGNER (IDCOMMANDE, IDPRODUIT, QUANTITEPRODUIT, DESCRIPTIFPRODUIT) VALUES (50, 50, 45, NULL);

-- DonnerAvis (semi-temporaire)
INSERT INTO DONNERAVIS (IDCLIENT, IDPRODUIT, DESCRIPTIONAVIS, NOTEAVIS, DATEAVIS) VALUES (1, 3, 'Ce produit est vraiment mauvais, ne l''achetez jamais.', 1, TO_DATE('2023-01-16 11:55:37', 'yyyy-mm-dd hh24:mi:ss'));
INSERT INTO DONNERAVIS (IDCLIENT, IDPRODUIT, DESCRIPTIONAVIS, NOTEAVIS, DATEAVIS) VALUES (1, 1, 'Saepe molestiae quaerat quos adipisci quia non. Illum qui consectetur laboriosam quod. Eius corporis nostrum aliquam autem est laborum placeat.', 4, NULL);
INSERT INTO DONNERAVIS (IDCLIENT, IDPRODUIT, DESCRIPTIONAVIS, NOTEAVIS, DATEAVIS) VALUES (1, 42, 'TUR IP IP IP IP TUR IP', 5, TO_DATE('2023-01-16 11:55:37', 'yyyy-mm-dd hh24:mi:ss'));
INSERT INTO DONNERAVIS (IDCLIENT, IDPRODUIT, DESCRIPTIONAVIS, NOTEAVIS, DATEAVIS) VALUES (1, 48, 'Ce produit est vraiment mauvais, ne l''achetez jamais.', 1, TO_DATE('2023-01-16 11:55:37', 'yyyy-mm-dd hh24:mi:ss'));
INSERT INTO DONNERAVIS (IDCLIENT, IDPRODUIT, DESCRIPTIONAVIS, NOTEAVIS, DATEAVIS) VALUES (1, 35, 'Ce produit est vraiment mauvais, ne l''achetez jamais.', 1, TO_DATE('2023-01-16 11:55:37', 'yyyy-mm-dd hh24:mi:ss'));
INSERT INTO DONNERAVIS (IDCLIENT, IDPRODUIT, DESCRIPTIONAVIS, NOTEAVIS, DATEAVIS) VALUES (1, 22, 'Ce produit est vraiment mauvais, ne l''achetez jamais.', 1, TO_DATE('2023-01-16 11:55:37', 'yyyy-mm-dd hh24:mi:ss'));
INSERT INTO DONNERAVIS (IDCLIENT, IDPRODUIT, DESCRIPTIONAVIS, NOTEAVIS, DATEAVIS) VALUES (1, 15, 'Ce produit est vraiment mauvais, ne l''achetez jamais.', 1, TO_DATE('2023-01-16 11:55:37', 'yyyy-mm-dd hh24:mi:ss'));
INSERT INTO DONNERAVIS (IDCLIENT, IDPRODUIT, DESCRIPTIONAVIS, NOTEAVIS, DATEAVIS) VALUES (1, 10, 'Ce produit est vraiment mauvais, ne l''achetez jamais.', 1, TO_DATE('2023-01-16 11:55:37', 'yyyy-mm-dd hh24:mi:ss'));
INSERT INTO DONNERAVIS (IDCLIENT, IDPRODUIT, DESCRIPTIONAVIS, NOTEAVIS, DATEAVIS) VALUES (1, 8, 'Ce produit est vraiment mauvais, ne l''achetez jamais.', 1, TO_DATE('2023-01-16 11:55:37', 'yyyy-mm-dd hh24:mi:ss'));
INSERT INTO DONNERAVIS (IDCLIENT, IDPRODUIT, DESCRIPTIONAVIS, NOTEAVIS, DATEAVIS) VALUES (1, 7, 'Ce produit est vraiment mauvais, ne l''achetez jamais.', 1, TO_DATE('2023-01-16 11:55:37', 'yyyy-mm-dd hh24:mi:ss'));
INSERT INTO DONNERAVIS (IDCLIENT, IDPRODUIT, DESCRIPTIONAVIS, NOTEAVIS, DATEAVIS) VALUES (1, 5, 'Ce produit est vraiment mauvais, ne l''achetez jamais.', 1, TO_DATE('2023-01-16 11:55:37', 'yyyy-mm-dd hh24:mi:ss'));
INSERT INTO DONNERAVIS (IDCLIENT, IDPRODUIT, DESCRIPTIONAVIS, NOTEAVIS, DATEAVIS) VALUES (2, 1, 'Tous les soirs par dessus mon pyjama très agréable mais j''aurai préfère avec une fourrure intérieure en plus... Suis frileuse. Prix raisonnable', 4, TO_DATE('2023-01-16 12:21:40', 'yyyy-mm-dd hh24:mi:ss'));
INSERT INTO DONNERAVIS (IDCLIENT, IDPRODUIT, DESCRIPTIONAVIS, NOTEAVIS, DATEAVIS) VALUES (2, 2, 'Nam hic omnis ratione eos alias debitis nulla. Veniam voluptatem quam accusamus sit. Ut nulla quasi tenetur aut sed quis. Aut ullam ut vitae impedit est dolor.', 2, NULL);
INSERT INTO DONNERAVIS (IDCLIENT, IDPRODUIT, DESCRIPTIONAVIS, NOTEAVIS, DATEAVIS) VALUES (2, 50, 'Tous les soirs par dessus mon pyjama très agréable mais j''aurai préfère avec une fourrure intérieure en plus... Suis frileuse. Prix raisonnable', 4, TO_DATE('2023-01-16 12:21:40', 'yyyy-mm-dd hh24:mi:ss'));
INSERT INTO DONNERAVIS (IDCLIENT, IDPRODUIT, DESCRIPTIONAVIS, NOTEAVIS, DATEAVIS) VALUES (2, 49, 'Tous les soirs par dessus mon pyjama très agréable mais j''aurai préfère avec une fourrure intérieure en plus... Suis frileuse. Prix raisonnable', 4, TO_DATE('2023-01-16 12:21:40', 'yyyy-mm-dd hh24:mi:ss'));
INSERT INTO DONNERAVIS (IDCLIENT, IDPRODUIT, DESCRIPTIONAVIS, NOTEAVIS, DATEAVIS) VALUES (2, 48, 'Tous les soirs par dessus mon pyjama très agréable mais j''aurai préfère avec une fourrure intérieure en plus... Suis frileuse. Prix raisonnable', 4, TO_DATE('2023-01-16 12:21:40', 'yyyy-mm-dd hh24:mi:ss'));
INSERT INTO DONNERAVIS (IDCLIENT, IDPRODUIT, DESCRIPTIONAVIS, NOTEAVIS, DATEAVIS) VALUES (2, 47, 'Tous les soirs par dessus mon pyjama très agréable mais j''aurai préfère avec une fourrure intérieure en plus... Suis frileuse. Prix raisonnable', 4, TO_DATE('2023-01-16 12:21:40', 'yyyy-mm-dd hh24:mi:ss'));
INSERT INTO DONNERAVIS (IDCLIENT, IDPRODUIT, DESCRIPTIONAVIS, NOTEAVIS, DATEAVIS) VALUES (2, 46, 'Tous les soirs par dessus mon pyjama très agréable mais j''aurai préfère avec une fourrure intérieure en plus... Suis frileuse. Prix raisonnable', 4, TO_DATE('2023-01-16 12:21:40', 'yyyy-mm-dd hh24:mi:ss'));
INSERT INTO DONNERAVIS (IDCLIENT, IDPRODUIT, DESCRIPTIONAVIS, NOTEAVIS, DATEAVIS) VALUES (2, 45, 'Tous les soirs par dessus mon pyjama très agréable mais j''aurai préfère avec une fourrure intérieure en plus... Suis frileuse. Prix raisonnable', 4, TO_DATE('2023-01-16 12:21:40', 'yyyy-mm-dd hh24:mi:ss'));
INSERT INTO DONNERAVIS (IDCLIENT, IDPRODUIT, DESCRIPTIONAVIS, NOTEAVIS, DATEAVIS) VALUES (2, 44, 'Tous les soirs par dessus mon pyjama très agréable mais j''aurai préfère avec une fourrure intérieure en plus... Suis frileuse. Prix raisonnable', 4, TO_DATE('2023-01-16 12:21:40', 'yyyy-mm-dd hh24:mi:ss'));
INSERT INTO DONNERAVIS (IDCLIENT, IDPRODUIT, DESCRIPTIONAVIS, NOTEAVIS, DATEAVIS) VALUES (2, 43, 'Tous les soirs par dessus mon pyjama très agréable mais j''aurai préfère avec une fourrure intérieure en plus... Suis frileuse. Prix raisonnable', 4, TO_DATE('2023-01-16 12:21:40', 'yyyy-mm-dd hh24:mi:ss'));
INSERT INTO DONNERAVIS (IDCLIENT, IDPRODUIT, DESCRIPTIONAVIS, NOTEAVIS, DATEAVIS) VALUES (2, 42, 'Tous les soirs par dessus mon pyjama très agréable mais j''aurai préfère avec une fourrure intérieure en plus... Suis frileuse. Prix raisonnable', 4, TO_DATE('2023-01-16 12:21:40', 'yyyy-mm-dd hh24:mi:ss'));
INSERT INTO DONNERAVIS (IDCLIENT, IDPRODUIT, DESCRIPTIONAVIS, NOTEAVIS, DATEAVIS) VALUES (2, 41, 'Tous les soirs par dessus mon pyjama très agréable mais j''aurai préfère avec une fourrure intérieure en plus... Suis frileuse. Prix raisonnable', 4, TO_DATE('2023-01-16 12:21:40', 'yyyy-mm-dd hh24:mi:ss'));
INSERT INTO DONNERAVIS (IDCLIENT, IDPRODUIT, DESCRIPTIONAVIS, NOTEAVIS, DATEAVIS) VALUES (2, 40, 'Tous les soirs par dessus mon pyjama très agréable mais j''aurai préfère avec une fourrure intérieure en plus... Suis frileuse. Prix raisonnable', 4, TO_DATE('2023-01-16 12:21:40', 'yyyy-mm-dd hh24:mi:ss'));
INSERT INTO DONNERAVIS (IDCLIENT, IDPRODUIT, DESCRIPTIONAVIS, NOTEAVIS, DATEAVIS) VALUES (2, 39, 'Tous les soirs par dessus mon pyjama très agréable mais j''aurai préfère avec une fourrure intérieure en plus... Suis frileuse. Prix raisonnable', 4, TO_DATE('2023-01-16 12:21:40', 'yyyy-mm-dd hh24:mi:ss'));
INSERT INTO DONNERAVIS (IDCLIENT, IDPRODUIT, DESCRIPTIONAVIS, NOTEAVIS, DATEAVIS) VALUES (2, 38, 'Tous les soirs par dessus mon pyjama très agréable mais j''aurai préfère avec une fourrure intérieure en plus... Suis frileuse. Prix raisonnable', 4, TO_DATE('2023-01-16 12:21:40', 'yyyy-mm-dd hh24:mi:ss'));
INSERT INTO DONNERAVIS (IDCLIENT, IDPRODUIT, DESCRIPTIONAVIS, NOTEAVIS, DATEAVIS) VALUES (2, 37, 'Tous les soirs par dessus mon pyjama très agréable mais j''aurai préfère avec une fourrure intérieure en plus... Suis frileuse. Prix raisonnable', 4, TO_DATE('2023-01-16 12:21:40', 'yyyy-mm-dd hh24:mi:ss'));
INSERT INTO DONNERAVIS (IDCLIENT, IDPRODUIT, DESCRIPTIONAVIS, NOTEAVIS, DATEAVIS) VALUES (2, 36, 'Tous les soirs par dessus mon pyjama très agréable mais j''aurai préfère avec une fourrure intérieure en plus... Suis frileuse. Prix raisonnable', 4, TO_DATE('2023-01-16 12:21:40', 'yyyy-mm-dd hh24:mi:ss'));
INSERT INTO DONNERAVIS (IDCLIENT, IDPRODUIT, DESCRIPTIONAVIS, NOTEAVIS, DATEAVIS) VALUES (2, 35, 'Tous les soirs par dessus mon pyjama très agréable mais j''aurai préfère avec une fourrure intérieure en plus... Suis frileuse. Prix raisonnable', 4, TO_DATE('2023-01-16 12:21:40', 'yyyy-mm-dd hh24:mi:ss'));
INSERT INTO DONNERAVIS (IDCLIENT, IDPRODUIT, DESCRIPTIONAVIS, NOTEAVIS, DATEAVIS) VALUES (2, 34, 'Tous les soirs par dessus mon pyjama très agréable mais j''aurai préfère avec une fourrure intérieure en plus... Suis frileuse. Prix raisonnable', 4, TO_DATE('2023-01-16 12:21:40', 'yyyy-mm-dd hh24:mi:ss'));
INSERT INTO DONNERAVIS (IDCLIENT, IDPRODUIT, DESCRIPTIONAVIS, NOTEAVIS, DATEAVIS) VALUES (2, 33, 'Tous les soirs par dessus mon pyjama très agréable mais j''aurai préfère avec une fourrure intérieure en plus... Suis frileuse. Prix raisonnable', 4, TO_DATE('2023-01-16 12:21:40', 'yyyy-mm-dd hh24:mi:ss'));
INSERT INTO DONNERAVIS (IDCLIENT, IDPRODUIT, DESCRIPTIONAVIS, NOTEAVIS, DATEAVIS) VALUES (2, 32, 'Tous les soirs par dessus mon pyjama très agréable mais j''aurai préfère avec une fourrure intérieure en plus... Suis frileuse. Prix raisonnable', 4, TO_DATE('2023-01-16 12:21:40', 'yyyy-mm-dd hh24:mi:ss'));
INSERT INTO DONNERAVIS (IDCLIENT, IDPRODUIT, DESCRIPTIONAVIS, NOTEAVIS, DATEAVIS) VALUES (2, 31, 'Tous les soirs par dessus mon pyjama très agréable mais j''aurai préfère avec une fourrure intérieure en plus... Suis frileuse. Prix raisonnable', 4, TO_DATE('2023-01-16 12:21:40', 'yyyy-mm-dd hh24:mi:ss'));
INSERT INTO DONNERAVIS (IDCLIENT, IDPRODUIT, DESCRIPTIONAVIS, NOTEAVIS, DATEAVIS) VALUES (2, 30, 'Tous les soirs par dessus mon pyjama très agréable mais j''aurai préfère avec une fourrure intérieure en plus... Suis frileuse. Prix raisonnable', 4, TO_DATE('2023-01-16 12:21:40', 'yyyy-mm-dd hh24:mi:ss'));
INSERT INTO DONNERAVIS (IDCLIENT, IDPRODUIT, DESCRIPTIONAVIS, NOTEAVIS, DATEAVIS) VALUES (2, 29, 'Tous les soirs par dessus mon pyjama très agréable mais j''aurai préfère avec une fourrure intérieure en plus... Suis frileuse. Prix raisonnable', 4, TO_DATE('2023-01-16 12:21:40', 'yyyy-mm-dd hh24:mi:ss'));
INSERT INTO DONNERAVIS (IDCLIENT, IDPRODUIT, DESCRIPTIONAVIS, NOTEAVIS, DATEAVIS) VALUES (2, 28, 'Tous les soirs par dessus mon pyjama très agréable mais j''aurai préfère avec une fourrure intérieure en plus... Suis frileuse. Prix raisonnable', 4, TO_DATE('2023-01-16 12:21:40', 'yyyy-mm-dd hh24:mi:ss'));
INSERT INTO DONNERAVIS (IDCLIENT, IDPRODUIT, DESCRIPTIONAVIS, NOTEAVIS, DATEAVIS) VALUES (2, 27, 'Tous les soirs par dessus mon pyjama très agréable mais j''aurai préfère avec une fourrure intérieure en plus... Suis frileuse. Prix raisonnable', 4, TO_DATE('2023-01-16 12:21:40', 'yyyy-mm-dd hh24:mi:ss'));
INSERT INTO DONNERAVIS (IDCLIENT, IDPRODUIT, DESCRIPTIONAVIS, NOTEAVIS, DATEAVIS) VALUES (2, 26, 'Tous les soirs par dessus mon pyjama très agréable mais j''aurai préfère avec une fourrure intérieure en plus... Suis frileuse. Prix raisonnable', 4, TO_DATE('2023-01-16 12:21:40', 'yyyy-mm-dd hh24:mi:ss'));
INSERT INTO DONNERAVIS (IDCLIENT, IDPRODUIT, DESCRIPTIONAVIS, NOTEAVIS, DATEAVIS) VALUES (2, 25, 'Tous les soirs par dessus mon pyjama très agréable mais j''aurai préfère avec une fourrure intérieure en plus... Suis frileuse. Prix raisonnable', 4, TO_DATE('2023-01-16 12:21:40', 'yyyy-mm-dd hh24:mi:ss'));
INSERT INTO DONNERAVIS (IDCLIENT, IDPRODUIT, DESCRIPTIONAVIS, NOTEAVIS, DATEAVIS) VALUES (2, 24, 'Tous les soirs par dessus mon pyjama très agréable mais j''aurai préfère avec une fourrure intérieure en plus... Suis frileuse. Prix raisonnable', 4, TO_DATE('2023-01-16 12:21:40', 'yyyy-mm-dd hh24:mi:ss'));
INSERT INTO DONNERAVIS (IDCLIENT, IDPRODUIT, DESCRIPTIONAVIS, NOTEAVIS, DATEAVIS) VALUES (2, 23, 'Tous les soirs par dessus mon pyjama très agréable mais j''aurai préfère avec une fourrure intérieure en plus... Suis frileuse. Prix raisonnable', 4, TO_DATE('2023-01-16 12:21:40', 'yyyy-mm-dd hh24:mi:ss'));
INSERT INTO DONNERAVIS (IDCLIENT, IDPRODUIT, DESCRIPTIONAVIS, NOTEAVIS, DATEAVIS) VALUES (2, 22, 'Tous les soirs par dessus mon pyjama très agréable mais j''aurai préfère avec une fourrure intérieure en plus... Suis frileuse. Prix raisonnable', 4, TO_DATE('2023-01-16 12:21:40', 'yyyy-mm-dd hh24:mi:ss'));
INSERT INTO DONNERAVIS (IDCLIENT, IDPRODUIT, DESCRIPTIONAVIS, NOTEAVIS, DATEAVIS) VALUES (2, 21, 'Tous les soirs par dessus mon pyjama très agréable mais j''aurai préfère avec une fourrure intérieure en plus... Suis frileuse. Prix raisonnable', 4, TO_DATE('2023-01-16 12:21:40', 'yyyy-mm-dd hh24:mi:ss'));
INSERT INTO DONNERAVIS (IDCLIENT, IDPRODUIT, DESCRIPTIONAVIS, NOTEAVIS, DATEAVIS) VALUES (2, 20, 'Tous les soirs par dessus mon pyjama très agréable mais j''aurai préfère avec une fourrure intérieure en plus... Suis frileuse. Prix raisonnable', 4, TO_DATE('2023-01-16 12:21:40', 'yyyy-mm-dd hh24:mi:ss'));
INSERT INTO DONNERAVIS (IDCLIENT, IDPRODUIT, DESCRIPTIONAVIS, NOTEAVIS, DATEAVIS) VALUES (2, 19, 'Tous les soirs par dessus mon pyjama très agréable mais j''aurai préfère avec une fourrure intérieure en plus... Suis frileuse. Prix raisonnable', 4, TO_DATE('2023-01-16 12:21:40', 'yyyy-mm-dd hh24:mi:ss'));
INSERT INTO DONNERAVIS (IDCLIENT, IDPRODUIT, DESCRIPTIONAVIS, NOTEAVIS, DATEAVIS) VALUES (2, 18, 'Tous les soirs par dessus mon pyjama très agréable mais j''aurai préfère avec une fourrure intérieure en plus... Suis frileuse. Prix raisonnable', 4, TO_DATE('2023-01-16 12:21:40', 'yyyy-mm-dd hh24:mi:ss'));
INSERT INTO DONNERAVIS (IDCLIENT, IDPRODUIT, DESCRIPTIONAVIS, NOTEAVIS, DATEAVIS) VALUES (2, 17, 'Tous les soirs par dessus mon pyjama très agréable mais j''aurai préfère avec une fourrure intérieure en plus... Suis frileuse. Prix raisonnable', 4, TO_DATE('2023-01-16 12:21:40', 'yyyy-mm-dd hh24:mi:ss'));
INSERT INTO DONNERAVIS (IDCLIENT, IDPRODUIT, DESCRIPTIONAVIS, NOTEAVIS, DATEAVIS) VALUES (2, 16, 'Tous les soirs par dessus mon pyjama très agréable mais j''aurai préfère avec une fourrure intérieure en plus... Suis frileuse. Prix raisonnable', 4, TO_DATE('2023-01-16 12:21:40', 'yyyy-mm-dd hh24:mi:ss'));
INSERT INTO DONNERAVIS (IDCLIENT, IDPRODUIT, DESCRIPTIONAVIS, NOTEAVIS, DATEAVIS) VALUES (2, 15, 'Tous les soirs par dessus mon pyjama très agréable mais j''aurai préfère avec une fourrure intérieure en plus... Suis frileuse. Prix raisonnable', 4, TO_DATE('2023-01-16 12:21:40', 'yyyy-mm-dd hh24:mi:ss'));
INSERT INTO DONNERAVIS (IDCLIENT, IDPRODUIT, DESCRIPTIONAVIS, NOTEAVIS, DATEAVIS) VALUES (2, 14, 'Tous les soirs par dessus mon pyjama très agréable mais j''aurai préfère avec une fourrure intérieure en plus... Suis frileuse. Prix raisonnable', 4, TO_DATE('2023-01-16 12:21:40', 'yyyy-mm-dd hh24:mi:ss'));
INSERT INTO DONNERAVIS (IDCLIENT, IDPRODUIT, DESCRIPTIONAVIS, NOTEAVIS, DATEAVIS) VALUES (2, 13, 'Tous les soirs par dessus mon pyjama très agréable mais j''aurai préfère avec une fourrure intérieure en plus... Suis frileuse. Prix raisonnable', 4, TO_DATE('2023-01-16 12:21:40', 'yyyy-mm-dd hh24:mi:ss'));
INSERT INTO DONNERAVIS (IDCLIENT, IDPRODUIT, DESCRIPTIONAVIS, NOTEAVIS, DATEAVIS) VALUES (2, 12, 'Tous les soirs par dessus mon pyjama très agréable mais j''aurai préfère avec une fourrure intérieure en plus... Suis frileuse. Prix raisonnable', 4, TO_DATE('2023-01-16 12:21:40', 'yyyy-mm-dd hh24:mi:ss'));
INSERT INTO DONNERAVIS (IDCLIENT, IDPRODUIT, DESCRIPTIONAVIS, NOTEAVIS, DATEAVIS) VALUES (2, 11, 'Tous les soirs par dessus mon pyjama très agréable mais j''aurai préfère avec une fourrure intérieure en plus... Suis frileuse. Prix raisonnable', 4, TO_DATE('2023-01-16 12:21:40', 'yyyy-mm-dd hh24:mi:ss'));
INSERT INTO DONNERAVIS (IDCLIENT, IDPRODUIT, DESCRIPTIONAVIS, NOTEAVIS, DATEAVIS) VALUES (2, 10, 'Tous les soirs par dessus mon pyjama très agréable mais j''aurai préfère avec une fourrure intérieure en plus... Suis frileuse. Prix raisonnable', 4, TO_DATE('2023-01-16 12:21:40', 'yyyy-mm-dd hh24:mi:ss'));
INSERT INTO DONNERAVIS (IDCLIENT, IDPRODUIT, DESCRIPTIONAVIS, NOTEAVIS, DATEAVIS) VALUES (2, 9, 'Tous les soirs par dessus mon pyjama très agréable mais j''aurai préfère avec une fourrure intérieure en plus... Suis frileuse. Prix raisonnable', 4, TO_DATE('2023-01-16 12:21:40', 'yyyy-mm-dd hh24:mi:ss'));
INSERT INTO DONNERAVIS (IDCLIENT, IDPRODUIT, DESCRIPTIONAVIS, NOTEAVIS, DATEAVIS) VALUES (2, 8, 'Tous les soirs par dessus mon pyjama très agréable mais j''aurai préfère avec une fourrure intérieure en plus... Suis frileuse. Prix raisonnable', 4, TO_DATE('2023-01-16 12:21:40', 'yyyy-mm-dd hh24:mi:ss'));
INSERT INTO DONNERAVIS (IDCLIENT, IDPRODUIT, DESCRIPTIONAVIS, NOTEAVIS, DATEAVIS) VALUES (2, 7, 'Tous les soirs par dessus mon pyjama très agréable mais j''aurai préfère avec une fourrure intérieure en plus... Suis frileuse. Prix raisonnable', 4, TO_DATE('2023-01-16 12:21:40', 'yyyy-mm-dd hh24:mi:ss'));
INSERT INTO DONNERAVIS (IDCLIENT, IDPRODUIT, DESCRIPTIONAVIS, NOTEAVIS, DATEAVIS) VALUES (2, 6, 'Tous les soirs par dessus mon pyjama très agréable mais j''aurai préfère avec une fourrure intérieure en plus... Suis frileuse. Prix raisonnable', 4, TO_DATE('2023-01-16 12:21:40', 'yyyy-mm-dd hh24:mi:ss'));
INSERT INTO DONNERAVIS (IDCLIENT, IDPRODUIT, DESCRIPTIONAVIS, NOTEAVIS, DATEAVIS) VALUES (2, 5, 'Tous les soirs par dessus mon pyjama très agréable mais j''aurai préfère avec une fourrure intérieure en plus... Suis frileuse. Prix raisonnable', 4, TO_DATE('2023-01-16 12:21:40', 'yyyy-mm-dd hh24:mi:ss'));
INSERT INTO DONNERAVIS (IDCLIENT, IDPRODUIT, DESCRIPTIONAVIS, NOTEAVIS, DATEAVIS) VALUES (2, 4, 'Tous les soirs par dessus mon pyjama très agréable mais j''aurai préfère avec une fourrure intérieure en plus... Suis frileuse. Prix raisonnable', 4, TO_DATE('2023-01-16 12:21:40', 'yyyy-mm-dd hh24:mi:ss'));
INSERT INTO DONNERAVIS (IDCLIENT, IDPRODUIT, DESCRIPTIONAVIS, NOTEAVIS, DATEAVIS) VALUES (2, 3, 'Tous les soirs par dessus mon pyjama très agréable mais j''aurai préfère avec une fourrure intérieure en plus... Suis frileuse. Prix raisonnable', 4, TO_DATE('2023-01-16 12:21:40', 'yyyy-mm-dd hh24:mi:ss'));
INSERT INTO DONNERAVIS (IDCLIENT, IDPRODUIT, DESCRIPTIONAVIS, NOTEAVIS, DATEAVIS) VALUES (3, 42, 'Bien.', 4, TO_DATE('2023-01-16 12:09:20', 'yyyy-mm-dd hh24:mi:ss'));
INSERT INTO DONNERAVIS (IDCLIENT, IDPRODUIT, DESCRIPTIONAVIS, NOTEAVIS, DATEAVIS) VALUES (3, 3, 'Repellat aperiam molestiae deserunt accusamus quam culpa est reiciendis. Beatae culpa et explicabo iste. Dolorem vero earum est qui. Minus iusto nostrum deserunt autem est alias.', 4, NULL);
INSERT INTO DONNERAVIS (IDCLIENT, IDPRODUIT, DESCRIPTIONAVIS, NOTEAVIS, DATEAVIS) VALUES (4, 4, 'Id saepe quidem omnis omnis natus qui. Eligendi deleniti corporis qui dolores molestiae molestiae eligendi. Sapiente totam dolorum occaecati consequuntur.', 0, NULL);
INSERT INTO DONNERAVIS (IDCLIENT, IDPRODUIT, DESCRIPTIONAVIS, NOTEAVIS, DATEAVIS) VALUES (5, 1, 'J''adore manger des crocodiles', 3, TO_DATE('2023-01-16 11:55:37', 'yyyy-mm-dd hh24:mi:ss'));
INSERT INTO DONNERAVIS (IDCLIENT, IDPRODUIT, DESCRIPTIONAVIS, NOTEAVIS, DATEAVIS) VALUES (5, 5, 'Dolores ea optio exercitationem qui. Deserunt corrupti in consequatur molestiae doloremque. Quia alias laboriosam doloribus repellat. Sunt temporibus veniam aut quasi.', 1, NULL);
INSERT INTO DONNERAVIS (IDCLIENT, IDPRODUIT, DESCRIPTIONAVIS, NOTEAVIS, DATEAVIS) VALUES (5, 48, 'J''adore manger des crocodiles', 3, TO_DATE('2023-01-16 11:55:37', 'yyyy-mm-dd hh24:mi:ss'));
INSERT INTO DONNERAVIS (IDCLIENT, IDPRODUIT, DESCRIPTIONAVIS, NOTEAVIS, DATEAVIS) VALUES (5, 35, 'J''adore manger des crocodiles', 3, TO_DATE('2023-01-16 11:55:37', 'yyyy-mm-dd hh24:mi:ss'));
INSERT INTO DONNERAVIS (IDCLIENT, IDPRODUIT, DESCRIPTIONAVIS, NOTEAVIS, DATEAVIS) VALUES (5, 22, 'J''adore manger des crocodiles', 3, TO_DATE('2023-01-16 11:55:37', 'yyyy-mm-dd hh24:mi:ss'));
INSERT INTO DONNERAVIS (IDCLIENT, IDPRODUIT, DESCRIPTIONAVIS, NOTEAVIS, DATEAVIS) VALUES (5, 15, 'J''adore manger des crocodiles', 3, TO_DATE('2023-01-16 11:55:37', 'yyyy-mm-dd hh24:mi:ss'));
INSERT INTO DONNERAVIS (IDCLIENT, IDPRODUIT, DESCRIPTIONAVIS, NOTEAVIS, DATEAVIS) VALUES (5, 10, 'J''adore manger des crocodiles', 3, TO_DATE('2023-01-16 11:55:37', 'yyyy-mm-dd hh24:mi:ss'));
INSERT INTO DONNERAVIS (IDCLIENT, IDPRODUIT, DESCRIPTIONAVIS, NOTEAVIS, DATEAVIS) VALUES (5, 8, 'J''adore manger des crocodiles', 3, TO_DATE('2023-01-16 11:55:37', 'yyyy-mm-dd hh24:mi:ss'));
INSERT INTO DONNERAVIS (IDCLIENT, IDPRODUIT, DESCRIPTIONAVIS, NOTEAVIS, DATEAVIS) VALUES (5, 7, 'J''adore manger des crocodiles', 3, TO_DATE('2023-01-16 11:55:37', 'yyyy-mm-dd hh24:mi:ss'));
INSERT INTO DONNERAVIS (IDCLIENT, IDPRODUIT, DESCRIPTIONAVIS, NOTEAVIS, DATEAVIS) VALUES (5, 3, 'J''adore manger des crocodiles', 3, TO_DATE('2023-01-16 11:55:37', 'yyyy-mm-dd hh24:mi:ss'));
INSERT INTO DONNERAVIS (IDCLIENT, IDPRODUIT, DESCRIPTIONAVIS, NOTEAVIS, DATEAVIS) VALUES (6, 6, 'Ipsum ut voluptatem veniam quidem dolorem at laborum id. Explicabo praesentium sint nesciunt quasi. Odio maiores ratione ex quaerat magnam.', 2, NULL);
INSERT INTO DONNERAVIS (IDCLIENT, IDPRODUIT, DESCRIPTIONAVIS, NOTEAVIS, DATEAVIS) VALUES (7, 7, 'Libero autem quia vitae. Sint impedit consequuntur eius quia alias id est. Optio voluptatem doloribus molestias illum recusandae.', 4, NULL);
INSERT INTO DONNERAVIS (IDCLIENT, IDPRODUIT, DESCRIPTIONAVIS, NOTEAVIS, DATEAVIS) VALUES (8, 1, 'Plutôt pas mal', 4, TO_DATE('2023-01-16 11:55:37', 'yyyy-mm-dd hh24:mi:ss'));
INSERT INTO DONNERAVIS (IDCLIENT, IDPRODUIT, DESCRIPTIONAVIS, NOTEAVIS, DATEAVIS) VALUES (8, 8, 'Maiores numquam enim earum aut temporibus. Iste iure modi deleniti nesciunt omnis. Laboriosam recusandae necessitatibus tenetur.', 3, NULL);
INSERT INTO DONNERAVIS (IDCLIENT, IDPRODUIT, DESCRIPTIONAVIS, NOTEAVIS, DATEAVIS) VALUES (8, 48, 'Plutôt pas mal', 4, TO_DATE('2023-01-16 11:55:37', 'yyyy-mm-dd hh24:mi:ss'));
INSERT INTO DONNERAVIS (IDCLIENT, IDPRODUIT, DESCRIPTIONAVIS, NOTEAVIS, DATEAVIS) VALUES (8, 35, 'Plutôt pas mal', 4, TO_DATE('2023-01-16 11:55:37', 'yyyy-mm-dd hh24:mi:ss'));
INSERT INTO DONNERAVIS (IDCLIENT, IDPRODUIT, DESCRIPTIONAVIS, NOTEAVIS, DATEAVIS) VALUES (8, 22, 'Plutôt pas mal', 4, TO_DATE('2023-01-16 11:55:37', 'yyyy-mm-dd hh24:mi:ss'));
INSERT INTO DONNERAVIS (IDCLIENT, IDPRODUIT, DESCRIPTIONAVIS, NOTEAVIS, DATEAVIS) VALUES (8, 15, 'Plutôt pas mal', 4, TO_DATE('2023-01-16 11:55:37', 'yyyy-mm-dd hh24:mi:ss'));
INSERT INTO DONNERAVIS (IDCLIENT, IDPRODUIT, DESCRIPTIONAVIS, NOTEAVIS, DATEAVIS) VALUES (8, 10, 'Plutôt pas mal', 4, TO_DATE('2023-01-16 11:55:37', 'yyyy-mm-dd hh24:mi:ss'));
INSERT INTO DONNERAVIS (IDCLIENT, IDPRODUIT, DESCRIPTIONAVIS, NOTEAVIS, DATEAVIS) VALUES (8, 7, 'Plutôt pas mal', 4, TO_DATE('2023-01-16 11:55:37', 'yyyy-mm-dd hh24:mi:ss'));
INSERT INTO DONNERAVIS (IDCLIENT, IDPRODUIT, DESCRIPTIONAVIS, NOTEAVIS, DATEAVIS) VALUES (8, 5, 'Plutôt pas mal', 4, TO_DATE('2023-01-16 11:55:37', 'yyyy-mm-dd hh24:mi:ss'));
INSERT INTO DONNERAVIS (IDCLIENT, IDPRODUIT, DESCRIPTIONAVIS, NOTEAVIS, DATEAVIS) VALUES (8, 3, 'Plutôt pas mal', 4, TO_DATE('2023-01-16 11:55:37', 'yyyy-mm-dd hh24:mi:ss'));
INSERT INTO DONNERAVIS (IDCLIENT, IDPRODUIT, DESCRIPTIONAVIS, NOTEAVIS, DATEAVIS) VALUES (9, 9, 'Vel maxime occaecati ad vero. Sit quasi est nemo beatae. Reiciendis vel amet quas et ex tenetur qui.\nNostrum porro rerum rem et dolores est ut quidem. Id et nihil id incidunt labore.', 3, NULL);
INSERT INTO DONNERAVIS (IDCLIENT, IDPRODUIT, DESCRIPTIONAVIS, NOTEAVIS, DATEAVIS) VALUES (10, 10, 'Voluptatibus id voluptatem ad consectetur. Enim voluptatem sequi perspiciatis vitae iure distinctio vitae libero. Dolorem eveniet ullam et id eum doloribus voluptatibus.', 3, NULL);
INSERT INTO DONNERAVIS (IDCLIENT, IDPRODUIT, DESCRIPTIONAVIS, NOTEAVIS, DATEAVIS) VALUES (11, 11, 'Alias tempore ut aut inventore laudantium eligendi nisi magnam. Quam debitis aspernatur id et quae quo. Modi dolores soluta labore ut.', 2, NULL);
INSERT INTO DONNERAVIS (IDCLIENT, IDPRODUIT, DESCRIPTIONAVIS, NOTEAVIS, DATEAVIS) VALUES (12, 12, 'Voluptatem doloribus doloribus laborum numquam et. Aut est reprehenderit voluptate nobis. Est explicabo magnam at mollitia mollitia rerum. Velit sapiente sit aspernatur similique vero aperiam.', 2, NULL);
INSERT INTO DONNERAVIS (IDCLIENT, IDPRODUIT, DESCRIPTIONAVIS, NOTEAVIS, DATEAVIS) VALUES (13, 13, 'Rem modi in quis illum est assumenda sequi. Molestiae nemo non est voluptate. Vitae consequatur aliquid nam ut ipsam dolorum velit. Earum qui asperiores et minus et nobis.', 1, NULL);
INSERT INTO DONNERAVIS (IDCLIENT, IDPRODUIT, DESCRIPTIONAVIS, NOTEAVIS, DATEAVIS) VALUES (14, 42, 'La couette est de bonne qualité, en coton. Les couleurs sont jolies et rend très bien dans la chambre de ma fille. Bon achat!', 5, TO_DATE('2023-01-16 12:09:42', 'yyyy-mm-dd hh24:mi:ss'));
INSERT INTO DONNERAVIS (IDCLIENT, IDPRODUIT, DESCRIPTIONAVIS, NOTEAVIS, DATEAVIS) VALUES (14, 14, 'Vel excepturi eum voluptatem et exercitationem. Autem dolor aut laudantium omnis repellat error. Id porro eligendi veniam laudantium. Quo eveniet vitae enim est unde optio.', 3, NULL);
INSERT INTO DONNERAVIS (IDCLIENT, IDPRODUIT, DESCRIPTIONAVIS, NOTEAVIS, DATEAVIS) VALUES (15, 3, 'Wenametchu ine summa, tomahartbitsaun', 5, TO_DATE('2023-01-16 12:01:28', 'yyyy-mm-dd hh24:mi:ss'));
INSERT INTO DONNERAVIS (IDCLIENT, IDPRODUIT, DESCRIPTIONAVIS, NOTEAVIS, DATEAVIS) VALUES (15, 15, 'Quasi ut eum eum quia porro odio ea. Maiores quaerat consequatur sed aut et. Dignissimos dolores natus expedita ut.', 3, NULL);
INSERT INTO DONNERAVIS (IDCLIENT, IDPRODUIT, DESCRIPTIONAVIS, NOTEAVIS, DATEAVIS) VALUES (15, 5, 'Wenametchu ine summa, tomahartbitsaun', 5, TO_DATE('2023-01-16 12:01:28', 'yyyy-mm-dd hh24:mi:ss'));
INSERT INTO DONNERAVIS (IDCLIENT, IDPRODUIT, DESCRIPTIONAVIS, NOTEAVIS, DATEAVIS) VALUES (15, 7, 'Wenametchu ine summa, tomahartbitsaun', 5, TO_DATE('2023-01-16 12:01:28', 'yyyy-mm-dd hh24:mi:ss'));
INSERT INTO DONNERAVIS (IDCLIENT, IDPRODUIT, DESCRIPTIONAVIS, NOTEAVIS, DATEAVIS) VALUES (15, 8, 'Wenametchu ine summa, tomahartbitsaun', 5, TO_DATE('2023-01-16 12:01:28', 'yyyy-mm-dd hh24:mi:ss'));
INSERT INTO DONNERAVIS (IDCLIENT, IDPRODUIT, DESCRIPTIONAVIS, NOTEAVIS, DATEAVIS) VALUES (15, 10, 'Wenametchu ine summa, tomahartbitsaun', 5, TO_DATE('2023-01-16 12:01:28', 'yyyy-mm-dd hh24:mi:ss'));
INSERT INTO DONNERAVIS (IDCLIENT, IDPRODUIT, DESCRIPTIONAVIS, NOTEAVIS, DATEAVIS) VALUES (15, 22, 'Wenametchu ine summa, tomahartbitsaun', 5, TO_DATE('2023-01-16 12:01:29', 'yyyy-mm-dd hh24:mi:ss'));
INSERT INTO DONNERAVIS (IDCLIENT, IDPRODUIT, DESCRIPTIONAVIS, NOTEAVIS, DATEAVIS) VALUES (15, 2, 'Wenametchu ine summa, tomahartbitsaun', 5, TO_DATE('2023-01-16 12:01:28', 'yyyy-mm-dd hh24:mi:ss'));
INSERT INTO DONNERAVIS (IDCLIENT, IDPRODUIT, DESCRIPTIONAVIS, NOTEAVIS, DATEAVIS) VALUES (15, 35, 'Wenametchu ine summa, tomahartbitsaun', 5, TO_DATE('2023-01-16 12:01:29', 'yyyy-mm-dd hh24:mi:ss'));
INSERT INTO DONNERAVIS (IDCLIENT, IDPRODUIT, DESCRIPTIONAVIS, NOTEAVIS, DATEAVIS) VALUES (15, 48, 'Wenametchu ine summa, tomahartbitsaun', 5, TO_DATE('2023-01-16 12:01:29', 'yyyy-mm-dd hh24:mi:ss'));
INSERT INTO DONNERAVIS (IDCLIENT, IDPRODUIT, DESCRIPTIONAVIS, NOTEAVIS, DATEAVIS) VALUES (16, 16, 'Debitis et a totam iste ullam deserunt dolorem. Nam nulla laudantium illo molestias fuga aut.', 3, NULL);
INSERT INTO DONNERAVIS (IDCLIENT, IDPRODUIT, DESCRIPTIONAVIS, NOTEAVIS, DATEAVIS) VALUES (17, 17, 'Voluptatum nobis corporis et dignissimos aperiam. Quas fugit voluptas minima dolores.', 3, NULL);
INSERT INTO DONNERAVIS (IDCLIENT, IDPRODUIT, DESCRIPTIONAVIS, NOTEAVIS, DATEAVIS) VALUES (18, 2, 'C PA TRAI BON SA !!!', 2, TO_DATE('2023-01-16 12:01:29', 'yyyy-mm-dd hh24:mi:ss'));
INSERT INTO DONNERAVIS (IDCLIENT, IDPRODUIT, DESCRIPTIONAVIS, NOTEAVIS, DATEAVIS) VALUES (18, 18, 'Qui officia rem repellendus accusamus exercitationem explicabo exercitationem ut. Odio laboriosam tenetur aut ut dolores. Non molestiae nihil odit voluptates esse iure expedita fugit.', 3, NULL);
INSERT INTO DONNERAVIS (IDCLIENT, IDPRODUIT, DESCRIPTIONAVIS, NOTEAVIS, DATEAVIS) VALUES (18, 3, 'C PA TRAI BON SA !!!', 2, TO_DATE('2023-01-16 12:01:29', 'yyyy-mm-dd hh24:mi:ss'));
INSERT INTO DONNERAVIS (IDCLIENT, IDPRODUIT, DESCRIPTIONAVIS, NOTEAVIS, DATEAVIS) VALUES (18, 5, 'C PA TRAI BON SA !!!', 2, TO_DATE('2023-01-16 12:01:29', 'yyyy-mm-dd hh24:mi:ss'));
INSERT INTO DONNERAVIS (IDCLIENT, IDPRODUIT, DESCRIPTIONAVIS, NOTEAVIS, DATEAVIS) VALUES (18, 8, 'C PA TRAI BON SA !!!', 2, TO_DATE('2023-01-16 12:01:29', 'yyyy-mm-dd hh24:mi:ss'));
INSERT INTO DONNERAVIS (IDCLIENT, IDPRODUIT, DESCRIPTIONAVIS, NOTEAVIS, DATEAVIS) VALUES (18, 10, 'C PA TRAI BON SA !!!', 2, TO_DATE('2023-01-16 12:01:29', 'yyyy-mm-dd hh24:mi:ss'));
INSERT INTO DONNERAVIS (IDCLIENT, IDPRODUIT, DESCRIPTIONAVIS, NOTEAVIS, DATEAVIS) VALUES (18, 15, 'C PA TRAI BON SA !!!', 2, TO_DATE('2023-01-16 12:01:29', 'yyyy-mm-dd hh24:mi:ss'));
INSERT INTO DONNERAVIS (IDCLIENT, IDPRODUIT, DESCRIPTIONAVIS, NOTEAVIS, DATEAVIS) VALUES (18, 22, 'C PA TRAI BON SA !!!', 2, TO_DATE('2023-01-16 12:01:29', 'yyyy-mm-dd hh24:mi:ss'));
INSERT INTO DONNERAVIS (IDCLIENT, IDPRODUIT, DESCRIPTIONAVIS, NOTEAVIS, DATEAVIS) VALUES (18, 35, 'C PA TRAI BON SA !!!', 2, TO_DATE('2023-01-16 12:01:29', 'yyyy-mm-dd hh24:mi:ss'));
INSERT INTO DONNERAVIS (IDCLIENT, IDPRODUIT, DESCRIPTIONAVIS, NOTEAVIS, DATEAVIS) VALUES (18, 48, 'C PA TRAI BON SA !!!', 2, TO_DATE('2023-01-16 12:01:29', 'yyyy-mm-dd hh24:mi:ss'));
INSERT INTO DONNERAVIS (IDCLIENT, IDPRODUIT, DESCRIPTIONAVIS, NOTEAVIS, DATEAVIS) VALUES (19, 42, 'Didnidoitforyou ?', 3, TO_DATE('2023-01-16 12:09:20', 'yyyy-mm-dd hh24:mi:ss'));
INSERT INTO DONNERAVIS (IDCLIENT, IDPRODUIT, DESCRIPTIONAVIS, NOTEAVIS, DATEAVIS) VALUES (19, 19, 'Et deleniti tempora minus in eligendi. Veritatis maxime neque amet quo. Neque aspernatur repellat sunt eius et quidem.', 4, NULL);
INSERT INTO DONNERAVIS (IDCLIENT, IDPRODUIT, DESCRIPTIONAVIS, NOTEAVIS, DATEAVIS) VALUES (20, 20, 'Fuga expedita consequuntur laborum minima. In dolor veniam qui non eligendi ducimus doloremque facilis. Voluptatem consequuntur possimus accusantium aut quam ducimus corrupti non.', 3, NULL);
INSERT INTO DONNERAVIS (IDCLIENT, IDPRODUIT, DESCRIPTIONAVIS, NOTEAVIS, DATEAVIS) VALUES (21, 42, 'Mhhhhhhhh', 5, TO_DATE('2023-01-16 12:11:19', 'yyyy-mm-dd hh24:mi:ss'));
INSERT INTO DONNERAVIS (IDCLIENT, IDPRODUIT, DESCRIPTIONAVIS, NOTEAVIS, DATEAVIS) VALUES (21, 21, 'Quia delectus et soluta at harum. Consequatur voluptates earum eos molestiae repellendus. Recusandae et sed nihil sint et. Dolores temporibus dolor perferendis velit tempore ipsa.', 3, NULL);
INSERT INTO DONNERAVIS (IDCLIENT, IDPRODUIT, DESCRIPTIONAVIS, NOTEAVIS, DATEAVIS) VALUES (22, 42, 'Miament', 5, TO_DATE('2023-01-16 12:11:19', 'yyyy-mm-dd hh24:mi:ss'));
INSERT INTO DONNERAVIS (IDCLIENT, IDPRODUIT, DESCRIPTIONAVIS, NOTEAVIS, DATEAVIS) VALUES (22, 22, 'Amet enim aut ut quia. At eos numquam inventore id illum cumque earum.\nDistinctio eveniet dolorem quos mollitia velit odit. Voluptatum excepturi praesentium aut ea. Placeat maiores veniam qui sit.', 4, NULL);
INSERT INTO DONNERAVIS (IDCLIENT, IDPRODUIT, DESCRIPTIONAVIS, NOTEAVIS, DATEAVIS) VALUES (23, 42, 'Délicieux', 5, TO_DATE('2023-01-16 12:11:19', 'yyyy-mm-dd hh24:mi:ss'));
INSERT INTO DONNERAVIS (IDCLIENT, IDPRODUIT, DESCRIPTIONAVIS, NOTEAVIS, DATEAVIS) VALUES (23, 23, 'Provident dolor ratione autem fuga quia. Velit repellendus veniam vel quos. Numquam omnis vitae non optio. Omnis pariatur itaque occaecati ut.', 2, NULL);
INSERT INTO DONNERAVIS (IDCLIENT, IDPRODUIT, DESCRIPTIONAVIS, NOTEAVIS, DATEAVIS) VALUES (24, 42, 'Slurp', 5, TO_DATE('2023-01-16 12:11:19', 'yyyy-mm-dd hh24:mi:ss'));
INSERT INTO DONNERAVIS (IDCLIENT, IDPRODUIT, DESCRIPTIONAVIS, NOTEAVIS, DATEAVIS) VALUES (24, 24, 'Et incidunt occaecati aut dolorem inventore. Alias corporis dolor debitis ut quisquam fugiat culpa. Velit qui id voluptatibus est rerum.', 3, NULL);
INSERT INTO DONNERAVIS (IDCLIENT, IDPRODUIT, DESCRIPTIONAVIS, NOTEAVIS, DATEAVIS) VALUES (25, 42, 'MMMMMMMMMMMMMMMMMMMMMMMMMMMMMMMMMMMMMMMMMMMMMMMMMMMMMMMMMMMMMMMMMMMMMMMMMMMMM', 5, TO_DATE('2023-01-16 12:11:19', 'yyyy-mm-dd hh24:mi:ss'));
INSERT INTO DONNERAVIS (IDCLIENT, IDPRODUIT, DESCRIPTIONAVIS, NOTEAVIS, DATEAVIS) VALUES (25, 25, 'Nulla minus neque quos qui. Ut velit est ea ipsa consequuntur eos. Rerum iusto sit quam animi debitis accusantium exercitationem. Quo ut commodi reprehenderit praesentium corporis voluptas dolores.', 1, NULL);
INSERT INTO DONNERAVIS (IDCLIENT, IDPRODUIT, DESCRIPTIONAVIS, NOTEAVIS, DATEAVIS) VALUES (26, 26, 'Voluptatem ratione at quas. Quia illum consequatur laboriosam ratione eligendi. Quia repellendus rerum ut modi odio vitae ut. Consequatur similique quae in est ea impedit est omnis.', 2, NULL);
INSERT INTO DONNERAVIS (IDCLIENT, IDPRODUIT, DESCRIPTIONAVIS, NOTEAVIS, DATEAVIS) VALUES (27, 27, 'Accusantium sapiente quis fugiat quidem vel. Beatae rerum in et. Rerum in perferendis asperiores velit. Quos ea eos repellat et.', 4, NULL);
INSERT INTO DONNERAVIS (IDCLIENT, IDPRODUIT, DESCRIPTIONAVIS, NOTEAVIS, DATEAVIS) VALUES (28, 28, 'Nostrum adipisci vel quis eligendi est recusandae provident. Sed consequatur id est ut qui ut.', 2, NULL);
INSERT INTO DONNERAVIS (IDCLIENT, IDPRODUIT, DESCRIPTIONAVIS, NOTEAVIS, DATEAVIS) VALUES (29, 29, 'Natus sint rerum odit et. Est et tempore dolore laboriosam placeat expedita voluptatem. Voluptates nulla veritatis est omnis est et voluptatum.', 1, NULL);
INSERT INTO DONNERAVIS (IDCLIENT, IDPRODUIT, DESCRIPTIONAVIS, NOTEAVIS, DATEAVIS) VALUES (30, 30, 'Culpa est earum quibusdam quos quod minus et. Ab dolore quod sapiente quas. Ut perferendis voluptatum nisi provident molestias eum libero minus. Consectetur odio sapiente iusto non.', 0, NULL);
INSERT INTO DONNERAVIS (IDCLIENT, IDPRODUIT, DESCRIPTIONAVIS, NOTEAVIS, DATEAVIS) VALUES (31, 31, 'Hic rerum doloremque in exercitationem ut qui et. Dolor vero aspernatur quaerat harum. Qui optio nulla excepturi sit magni vel.', 2, NULL);
INSERT INTO DONNERAVIS (IDCLIENT, IDPRODUIT, DESCRIPTIONAVIS, NOTEAVIS, DATEAVIS) VALUES (32, 32, 'Quia voluptatem consectetur sequi ea quae. Aliquam rerum unde et sapiente et provident accusamus. Minus quibusdam distinctio maiores quo totam deserunt.', 2, NULL);
INSERT INTO DONNERAVIS (IDCLIENT, IDPRODUIT, DESCRIPTIONAVIS, NOTEAVIS, DATEAVIS) VALUES (33, 33, 'Id esse aliquid accusantium cupiditate hic laudantium. Dolorum iure culpa voluptatibus at ab aut esse.', 1, NULL);
INSERT INTO DONNERAVIS (IDCLIENT, IDPRODUIT, DESCRIPTIONAVIS, NOTEAVIS, DATEAVIS) VALUES (34, 34, 'Earum eos dolor autem et. Eos ducimus quia et ratione est ullam temporibus. Rerum aut ad ut optio cumque qui non. Qui ipsum officia veritatis saepe ad magni sint itaque.', 3, NULL);
INSERT INTO DONNERAVIS (IDCLIENT, IDPRODUIT, DESCRIPTIONAVIS, NOTEAVIS, DATEAVIS) VALUES (35, 35, 'Accusamus est id sit sint magnam soluta. In quis eum qui explicabo reprehenderit mollitia. Nobis esse illum iste error.', 4, NULL);
INSERT INTO DONNERAVIS (IDCLIENT, IDPRODUIT, DESCRIPTIONAVIS, NOTEAVIS, DATEAVIS) VALUES (36, 36, 'Consequatur adipisci dolores vero dolorem neque quod. Impedit minus vel vitae consequatur ipsam quo. Eum ab iusto atque.', 3, NULL);
INSERT INTO DONNERAVIS (IDCLIENT, IDPRODUIT, DESCRIPTIONAVIS, NOTEAVIS, DATEAVIS) VALUES (37, 37, 'Quia voluptatem et aut veritatis occaecati aperiam nihil. Distinctio eos corrupti repellat ratione alias rerum. Tenetur modi repellat rerum accusamus dolor velit dolores odit.', 3, NULL);
INSERT INTO DONNERAVIS (IDCLIENT, IDPRODUIT, DESCRIPTIONAVIS, NOTEAVIS, DATEAVIS) VALUES (38, 38, 'Molestiae voluptatem molestias expedita dolorum. Eum facere molestiae illum sit. Consequatur dolorem tenetur est quos rem ea asperiores tempore. Qui non velit rerum pariatur qui sint a.', 2, NULL);
INSERT INTO DONNERAVIS (IDCLIENT, IDPRODUIT, DESCRIPTIONAVIS, NOTEAVIS, DATEAVIS) VALUES (39, 42, 'Belle parure de lit, qui sera offert à ma nièce fan de licorne. Les couleurs sont très jolies et les dessins super sympa. Elle va être ravie..', 2, TO_DATE('2023-01-16 12:09:42', 'yyyy-mm-dd hh24:mi:ss'));
INSERT INTO DONNERAVIS (IDCLIENT, IDPRODUIT, DESCRIPTIONAVIS, NOTEAVIS, DATEAVIS) VALUES (39, 39, 'Voluptatem quae quo et at natus aspernatur ea. Nemo repudiandae excepturi repellendus. Magnam harum magnam est saepe dolor.', 1, NULL);
INSERT INTO DONNERAVIS (IDCLIENT, IDPRODUIT, DESCRIPTIONAVIS, NOTEAVIS, DATEAVIS) VALUES (40, 40, 'Et qui rerum aperiam porro et. Assumenda ut earum quo officiis. Nesciunt sapiente doloremque esse temporibus saepe inventore et.', 4, NULL);
INSERT INTO DONNERAVIS (IDCLIENT, IDPRODUIT, DESCRIPTIONAVIS, NOTEAVIS, DATEAVIS) VALUES (41, 41, 'Voluptas molestiae inventore ipsa adipisci fugiat animi. Eum adipisci aut molestiae quidem neque sapiente sed vel. Ut qui quos sunt aut modi natus sed.', 3, NULL);
INSERT INTO DONNERAVIS (IDCLIENT, IDPRODUIT, DESCRIPTIONAVIS, NOTEAVIS, DATEAVIS) VALUES (42, 42, 'Qui sapiente ut occaecati sequi omnis enim voluptas dolores. Quis nam ut sint quis beatae porro totam in. Tenetur temporibus quibusdam laborum. Delectus deleniti nulla inventore voluptas saepe.', 3, NULL);
INSERT INTO DONNERAVIS (IDCLIENT, IDPRODUIT, DESCRIPTIONAVIS, NOTEAVIS, DATEAVIS) VALUES (43, 43, 'Et praesentium ab maiores odio magnam in. Eius in asperiores omnis placeat consequuntur velit. Animi modi cum eius nobis id.', 3, NULL);
INSERT INTO DONNERAVIS (IDCLIENT, IDPRODUIT, DESCRIPTIONAVIS, NOTEAVIS, DATEAVIS) VALUES (44, 44, 'Eos tenetur officia eos sed quaerat voluptatem ipsa. Accusamus esse adipisci inventore. Soluta laborum provident qui ea et officiis.', 0, NULL);
INSERT INTO DONNERAVIS (IDCLIENT, IDPRODUIT, DESCRIPTIONAVIS, NOTEAVIS, DATEAVIS) VALUES (45, 45, 'Ex quis officia expedita consequatur. Sed omnis sint accusamus eaque. Et assumenda temporibus repellat aliquid vel autem dolore doloribus. Eos et ipsam reprehenderit rerum.', 4, NULL);
INSERT INTO DONNERAVIS (IDCLIENT, IDPRODUIT, DESCRIPTIONAVIS, NOTEAVIS, DATEAVIS) VALUES (46, 46, 'Quibusdam eius cum ipsam iusto voluptatem. Veniam in quis quia repellendus est excepturi voluptatibus. Ut ea omnis at laboriosam laboriosam.', 1, NULL);
INSERT INTO DONNERAVIS (IDCLIENT, IDPRODUIT, DESCRIPTIONAVIS, NOTEAVIS, DATEAVIS) VALUES (47, 47, 'Enim rerum et similique nesciunt architecto velit. Quam cupiditate cumque laudantium. Veniam et eaque illum rerum.', 3, NULL);
INSERT INTO DONNERAVIS (IDCLIENT, IDPRODUIT, DESCRIPTIONAVIS, NOTEAVIS, DATEAVIS) VALUES (48, 48, 'Soluta culpa perspiciatis ut cumque. Vel neque molestiae laboriosam sit aut itaque. Voluptas quidem aut optio error.', 3, NULL);
INSERT INTO DONNERAVIS (IDCLIENT, IDPRODUIT, DESCRIPTIONAVIS, NOTEAVIS, DATEAVIS) VALUES (49, 49, 'Impedit ipsa minima facere consequatur possimus et qui alias. Modi vitae libero voluptatem id omnis cum consequatur. Non in nihil corporis autem.', 2, NULL);
INSERT INTO DONNERAVIS (IDCLIENT, IDPRODUIT, DESCRIPTIONAVIS, NOTEAVIS, DATEAVIS) VALUES (50, 50, 'Dolores quae nemo nihil corporis. Repudiandae alias ex aut expedita. Enim aut eligendi voluptas aliquid. Et iusto voluptas voluptates id nisi dignissimos omnis.', 4, NULL);

-- Affecter
INSERT INTO AFFECTER (IDCHOIX, IDPRODUIT, TYPECHOIX) VALUES (1, 14, 'Capacité');
INSERT INTO AFFECTER (IDCHOIX, IDPRODUIT, TYPECHOIX) VALUES (1, 7, 'Capacité');
INSERT INTO AFFECTER (IDCHOIX, IDPRODUIT, TYPECHOIX) VALUES (1, 3, 'Capacité');
INSERT INTO AFFECTER (IDCHOIX, IDPRODUIT, TYPECHOIX) VALUES (1, 19, 'Capacité');
INSERT INTO AFFECTER (IDCHOIX, IDPRODUIT, TYPECHOIX) VALUES (1, 49, 'Capacité');
INSERT INTO AFFECTER (IDCHOIX, IDPRODUIT, TYPECHOIX) VALUES (1, 13, 'Capacité');
INSERT INTO AFFECTER (IDCHOIX, IDPRODUIT, TYPECHOIX) VALUES (1, 1, 'Capacité');
INSERT INTO AFFECTER (IDCHOIX, IDPRODUIT, TYPECHOIX) VALUES (1, 18, 'Capacité');
INSERT INTO AFFECTER (IDCHOIX, IDPRODUIT, TYPECHOIX) VALUES (1, 17, 'Capacité');
INSERT INTO AFFECTER (IDCHOIX, IDPRODUIT, TYPECHOIX) VALUES (2, 10, 'Condition');
INSERT INTO AFFECTER (IDCHOIX, IDPRODUIT, TYPECHOIX) VALUES (2, 9, 'Condition');
INSERT INTO AFFECTER (IDCHOIX, IDPRODUIT, TYPECHOIX) VALUES (2, 7, 'Condition');
INSERT INTO AFFECTER (IDCHOIX, IDPRODUIT, TYPECHOIX) VALUES (2, 6, 'Condition');
INSERT INTO AFFECTER (IDCHOIX, IDPRODUIT, TYPECHOIX) VALUES (2, 3, 'Condition');
INSERT INTO AFFECTER (IDCHOIX, IDPRODUIT, TYPECHOIX) VALUES (2, 14, 'Condition');
INSERT INTO AFFECTER (IDCHOIX, IDPRODUIT, TYPECHOIX) VALUES (2, 34, 'Condition');
INSERT INTO AFFECTER (IDCHOIX, IDPRODUIT, TYPECHOIX) VALUES (2, 24, 'Condition');
INSERT INTO AFFECTER (IDCHOIX, IDPRODUIT, TYPECHOIX) VALUES (2, 26, 'Condition');
INSERT INTO AFFECTER (IDCHOIX, IDPRODUIT, TYPECHOIX) VALUES (2, 35, 'Condition');
INSERT INTO AFFECTER (IDCHOIX, IDPRODUIT, TYPECHOIX) VALUES (2, 36, 'Condition');
INSERT INTO AFFECTER (IDCHOIX, IDPRODUIT, TYPECHOIX) VALUES (2, 37, 'Condition');
INSERT INTO AFFECTER (IDCHOIX, IDPRODUIT, TYPECHOIX) VALUES (2, 38, 'Condition');
INSERT INTO AFFECTER (IDCHOIX, IDPRODUIT, TYPECHOIX) VALUES (2, 39, 'Condition');
INSERT INTO AFFECTER (IDCHOIX, IDPRODUIT, TYPECHOIX) VALUES (2, 40, 'Condition');
INSERT INTO AFFECTER (IDCHOIX, IDPRODUIT, TYPECHOIX) VALUES (2, 44, 'Condition');
INSERT INTO AFFECTER (IDCHOIX, IDPRODUIT, TYPECHOIX) VALUES (2, 47, 'Condition');
INSERT INTO AFFECTER (IDCHOIX, IDPRODUIT, TYPECHOIX) VALUES (2, 48, 'Condition');
INSERT INTO AFFECTER (IDCHOIX, IDPRODUIT, TYPECHOIX) VALUES (2, 20, 'Condition');
INSERT INTO AFFECTER (IDCHOIX, IDPRODUIT, TYPECHOIX) VALUES (2, 16, 'Condition');
INSERT INTO AFFECTER (IDCHOIX, IDPRODUIT, TYPECHOIX) VALUES (3, 22, 'Couleur');
INSERT INTO AFFECTER (IDCHOIX, IDPRODUIT, TYPECHOIX) VALUES (3, 34, 'Couleur');
INSERT INTO AFFECTER (IDCHOIX, IDPRODUIT, TYPECHOIX) VALUES (3, 33, 'Couleur');
INSERT INTO AFFECTER (IDCHOIX, IDPRODUIT, TYPECHOIX) VALUES (3, 32, 'Couleur');
INSERT INTO AFFECTER (IDCHOIX, IDPRODUIT, TYPECHOIX) VALUES (3, 35, 'Couleur');
INSERT INTO AFFECTER (IDCHOIX, IDPRODUIT, TYPECHOIX) VALUES (4, 10, 'Condition');
INSERT INTO AFFECTER (IDCHOIX, IDPRODUIT, TYPECHOIX) VALUES (4, 45, 'Condition');
INSERT INTO AFFECTER (IDCHOIX, IDPRODUIT, TYPECHOIX) VALUES (4, 9, 'Condition');
INSERT INTO AFFECTER (IDCHOIX, IDPRODUIT, TYPECHOIX) VALUES (4, 8, 'Condition');
INSERT INTO AFFECTER (IDCHOIX, IDPRODUIT, TYPECHOIX) VALUES (4, 7, 'Condition');
INSERT INTO AFFECTER (IDCHOIX, IDPRODUIT, TYPECHOIX) VALUES (4, 6, 'Condition');
INSERT INTO AFFECTER (IDCHOIX, IDPRODUIT, TYPECHOIX) VALUES (4, 5, 'Condition');
INSERT INTO AFFECTER (IDCHOIX, IDPRODUIT, TYPECHOIX) VALUES (4, 3, 'Condition');
INSERT INTO AFFECTER (IDCHOIX, IDPRODUIT, TYPECHOIX) VALUES (4, 2, 'Condition');
INSERT INTO AFFECTER (IDCHOIX, IDPRODUIT, TYPECHOIX) VALUES (4, 50, 'Condition');
INSERT INTO AFFECTER (IDCHOIX, IDPRODUIT, TYPECHOIX) VALUES (4, 20, 'Condition');
INSERT INTO AFFECTER (IDCHOIX, IDPRODUIT, TYPECHOIX) VALUES (4, 16, 'Condition');
INSERT INTO AFFECTER (IDCHOIX, IDPRODUIT, TYPECHOIX) VALUES (4, 4, 'Condition');
INSERT INTO AFFECTER (IDCHOIX, IDPRODUIT, TYPECHOIX) VALUES (4, 15, 'Condition');
INSERT INTO AFFECTER (IDCHOIX, IDPRODUIT, TYPECHOIX) VALUES (4, 29, 'Condition');
INSERT INTO AFFECTER (IDCHOIX, IDPRODUIT, TYPECHOIX) VALUES (4, 34, 'Condition');
INSERT INTO AFFECTER (IDCHOIX, IDPRODUIT, TYPECHOIX) VALUES (4, 33, 'Condition');
INSERT INTO AFFECTER (IDCHOIX, IDPRODUIT, TYPECHOIX) VALUES (4, 30, 'Condition');
INSERT INTO AFFECTER (IDCHOIX, IDPRODUIT, TYPECHOIX) VALUES (4, 31, 'Condition');
INSERT INTO AFFECTER (IDCHOIX, IDPRODUIT, TYPECHOIX) VALUES (4, 23, 'Condition');
INSERT INTO AFFECTER (IDCHOIX, IDPRODUIT, TYPECHOIX) VALUES (4, 24, 'Condition');
INSERT INTO AFFECTER (IDCHOIX, IDPRODUIT, TYPECHOIX) VALUES (4, 26, 'Condition');
INSERT INTO AFFECTER (IDCHOIX, IDPRODUIT, TYPECHOIX) VALUES (4, 27, 'Condition');
INSERT INTO AFFECTER (IDCHOIX, IDPRODUIT, TYPECHOIX) VALUES (4, 28, 'Condition');
INSERT INTO AFFECTER (IDCHOIX, IDPRODUIT, TYPECHOIX) VALUES (4, 35, 'Condition');
INSERT INTO AFFECTER (IDCHOIX, IDPRODUIT, TYPECHOIX) VALUES (4, 36, 'Condition');
INSERT INTO AFFECTER (IDCHOIX, IDPRODUIT, TYPECHOIX) VALUES (4, 37, 'Condition');
INSERT INTO AFFECTER (IDCHOIX, IDPRODUIT, TYPECHOIX) VALUES (4, 38, 'Condition');
INSERT INTO AFFECTER (IDCHOIX, IDPRODUIT, TYPECHOIX) VALUES (4, 39, 'Condition');
INSERT INTO AFFECTER (IDCHOIX, IDPRODUIT, TYPECHOIX) VALUES (4, 40, 'Condition');
INSERT INTO AFFECTER (IDCHOIX, IDPRODUIT, TYPECHOIX) VALUES (4, 43, 'Condition');
INSERT INTO AFFECTER (IDCHOIX, IDPRODUIT, TYPECHOIX) VALUES (4, 44, 'Condition');
INSERT INTO AFFECTER (IDCHOIX, IDPRODUIT, TYPECHOIX) VALUES (4, 41, 'Condition');
INSERT INTO AFFECTER (IDCHOIX, IDPRODUIT, TYPECHOIX) VALUES (4, 42, 'Condition');
INSERT INTO AFFECTER (IDCHOIX, IDPRODUIT, TYPECHOIX) VALUES (4, 47, 'Condition');
INSERT INTO AFFECTER (IDCHOIX, IDPRODUIT, TYPECHOIX) VALUES (4, 46, 'Condition');
INSERT INTO AFFECTER (IDCHOIX, IDPRODUIT, TYPECHOIX) VALUES (4, 48, 'Condition');
INSERT INTO AFFECTER (IDCHOIX, IDPRODUIT, TYPECHOIX) VALUES (4, 22, 'Condition');
INSERT INTO AFFECTER (IDCHOIX, IDPRODUIT, TYPECHOIX) VALUES (4, 21, 'Condition');
INSERT INTO AFFECTER (IDCHOIX, IDPRODUIT, TYPECHOIX) VALUES (4, 18, 'Condition');
INSERT INTO AFFECTER (IDCHOIX, IDPRODUIT, TYPECHOIX) VALUES (4, 17, 'Condition');
INSERT INTO AFFECTER (IDCHOIX, IDPRODUIT, TYPECHOIX) VALUES (4, 14, 'Condition');
INSERT INTO AFFECTER (IDCHOIX, IDPRODUIT, TYPECHOIX) VALUES (4, 12, 'Condition');
INSERT INTO AFFECTER (IDCHOIX, IDPRODUIT, TYPECHOIX) VALUES (4, 11, 'Condition');
INSERT INTO AFFECTER (IDCHOIX, IDPRODUIT, TYPECHOIX) VALUES (5, 11, 'Condition');
INSERT INTO AFFECTER (IDCHOIX, IDPRODUIT, TYPECHOIX) VALUES (5, 43, 'Condition');
INSERT INTO AFFECTER (IDCHOIX, IDPRODUIT, TYPECHOIX) VALUES (5, 8, 'Condition');
INSERT INTO AFFECTER (IDCHOIX, IDPRODUIT, TYPECHOIX) VALUES (5, 2, 'Condition');
INSERT INTO AFFECTER (IDCHOIX, IDPRODUIT, TYPECHOIX) VALUES (5, 50, 'Condition');
INSERT INTO AFFECTER (IDCHOIX, IDPRODUIT, TYPECHOIX) VALUES (5, 17, 'Condition');
INSERT INTO AFFECTER (IDCHOIX, IDPRODUIT, TYPECHOIX) VALUES (5, 5, 'Condition');
INSERT INTO AFFECTER (IDCHOIX, IDPRODUIT, TYPECHOIX) VALUES (5, 29, 'Condition');
INSERT INTO AFFECTER (IDCHOIX, IDPRODUIT, TYPECHOIX) VALUES (5, 34, 'Condition');
INSERT INTO AFFECTER (IDCHOIX, IDPRODUIT, TYPECHOIX) VALUES (5, 30, 'Condition');
INSERT INTO AFFECTER (IDCHOIX, IDPRODUIT, TYPECHOIX) VALUES (5, 23, 'Condition');
INSERT INTO AFFECTER (IDCHOIX, IDPRODUIT, TYPECHOIX) VALUES (5, 26, 'Condition');
INSERT INTO AFFECTER (IDCHOIX, IDPRODUIT, TYPECHOIX) VALUES (5, 37, 'Condition');
INSERT INTO AFFECTER (IDCHOIX, IDPRODUIT, TYPECHOIX) VALUES (5, 40, 'Condition');
INSERT INTO AFFECTER (IDCHOIX, IDPRODUIT, TYPECHOIX) VALUES (5, 41, 'Condition');
INSERT INTO AFFECTER (IDCHOIX, IDPRODUIT, TYPECHOIX) VALUES (5, 46, 'Condition');
INSERT INTO AFFECTER (IDCHOIX, IDPRODUIT, TYPECHOIX) VALUES (5, 48, 'Condition');
INSERT INTO AFFECTER (IDCHOIX, IDPRODUIT, TYPECHOIX) VALUES (5, 20, 'Condition');
INSERT INTO AFFECTER (IDCHOIX, IDPRODUIT, TYPECHOIX) VALUES (5, 18, 'Condition');
INSERT INTO AFFECTER (IDCHOIX, IDPRODUIT, TYPECHOIX) VALUES (5, 14, 'Condition');
INSERT INTO AFFECTER (IDCHOIX, IDPRODUIT, TYPECHOIX) VALUES (6, 17, 'Capacité');
INSERT INTO AFFECTER (IDCHOIX, IDPRODUIT, TYPECHOIX) VALUES (6, 44, 'Capacité');
INSERT INTO AFFECTER (IDCHOIX, IDPRODUIT, TYPECHOIX) VALUES (6, 7, 'Capacité');
INSERT INTO AFFECTER (IDCHOIX, IDPRODUIT, TYPECHOIX) VALUES (6, 3, 'Capacité');
INSERT INTO AFFECTER (IDCHOIX, IDPRODUIT, TYPECHOIX) VALUES (6, 18, 'Capacité');
INSERT INTO AFFECTER (IDCHOIX, IDPRODUIT, TYPECHOIX) VALUES (6, 49, 'Capacité');
INSERT INTO AFFECTER (IDCHOIX, IDPRODUIT, TYPECHOIX) VALUES (6, 29, 'Capacité');
INSERT INTO AFFECTER (IDCHOIX, IDPRODUIT, TYPECHOIX) VALUES (6, 1, 'Capacité');
INSERT INTO AFFECTER (IDCHOIX, IDPRODUIT, TYPECHOIX) VALUES (6, 24, 'Capacité');
INSERT INTO AFFECTER (IDCHOIX, IDPRODUIT, TYPECHOIX) VALUES (6, 19, 'Capacité');
INSERT INTO AFFECTER (IDCHOIX, IDPRODUIT, TYPECHOIX) VALUES (7, 18, 'Capacité');
INSERT INTO AFFECTER (IDCHOIX, IDPRODUIT, TYPECHOIX) VALUES (7, 44, 'Capacité');
INSERT INTO AFFECTER (IDCHOIX, IDPRODUIT, TYPECHOIX) VALUES (7, 3, 'Capacité');
INSERT INTO AFFECTER (IDCHOIX, IDPRODUIT, TYPECHOIX) VALUES (7, 49, 'Capacité');
INSERT INTO AFFECTER (IDCHOIX, IDPRODUIT, TYPECHOIX) VALUES (7, 7, 'Capacité');
INSERT INTO AFFECTER (IDCHOIX, IDPRODUIT, TYPECHOIX) VALUES (7, 29, 'Capacité');
INSERT INTO AFFECTER (IDCHOIX, IDPRODUIT, TYPECHOIX) VALUES (7, 1, 'Capacité');
INSERT INTO AFFECTER (IDCHOIX, IDPRODUIT, TYPECHOIX) VALUES (7, 24, 'Capacité');
INSERT INTO AFFECTER (IDCHOIX, IDPRODUIT, TYPECHOIX) VALUES (8, 14, 'Couleur');
INSERT INTO AFFECTER (IDCHOIX, IDPRODUIT, TYPECHOIX) VALUES (8, 7, 'Couleur');
INSERT INTO AFFECTER (IDCHOIX, IDPRODUIT, TYPECHOIX) VALUES (8, 49, 'Couleur');
INSERT INTO AFFECTER (IDCHOIX, IDPRODUIT, TYPECHOIX) VALUES (8, 34, 'Couleur');
INSERT INTO AFFECTER (IDCHOIX, IDPRODUIT, TYPECHOIX) VALUES (8, 31, 'Couleur');
INSERT INTO AFFECTER (IDCHOIX, IDPRODUIT, TYPECHOIX) VALUES (8, 26, 'Couleur');
INSERT INTO AFFECTER (IDCHOIX, IDPRODUIT, TYPECHOIX) VALUES (8, 45, 'Couleur');
INSERT INTO AFFECTER (IDCHOIX, IDPRODUIT, TYPECHOIX) VALUES (8, 22, 'Couleur');
INSERT INTO AFFECTER (IDCHOIX, IDPRODUIT, TYPECHOIX) VALUES (8, 18, 'Couleur');
INSERT INTO AFFECTER (IDCHOIX, IDPRODUIT, TYPECHOIX) VALUES (9, 18, 'Couleur');
INSERT INTO AFFECTER (IDCHOIX, IDPRODUIT, TYPECHOIX) VALUES (9, 3, 'Couleur');
INSERT INTO AFFECTER (IDCHOIX, IDPRODUIT, TYPECHOIX) VALUES (9, 2, 'Couleur');
INSERT INTO AFFECTER (IDCHOIX, IDPRODUIT, TYPECHOIX) VALUES (9, 49, 'Couleur');
INSERT INTO AFFECTER (IDCHOIX, IDPRODUIT, TYPECHOIX) VALUES (9, 34, 'Couleur');
INSERT INTO AFFECTER (IDCHOIX, IDPRODUIT, TYPECHOIX) VALUES (9, 32, 'Couleur');
INSERT INTO AFFECTER (IDCHOIX, IDPRODUIT, TYPECHOIX) VALUES (9, 22, 'Couleur');
INSERT INTO AFFECTER (IDCHOIX, IDPRODUIT, TYPECHOIX) VALUES (10, 14, 'Couleur');
INSERT INTO AFFECTER (IDCHOIX, IDPRODUIT, TYPECHOIX) VALUES (10, 3, 'Couleur');
INSERT INTO AFFECTER (IDCHOIX, IDPRODUIT, TYPECHOIX) VALUES (10, 34, 'Couleur');
INSERT INTO AFFECTER (IDCHOIX, IDPRODUIT, TYPECHOIX) VALUES (10, 30, 'Couleur');
INSERT INTO AFFECTER (IDCHOIX, IDPRODUIT, TYPECHOIX) VALUES (10, 32, 'Couleur');
INSERT INTO AFFECTER (IDCHOIX, IDPRODUIT, TYPECHOIX) VALUES (10, 22, 'Couleur');
INSERT INTO AFFECTER (IDCHOIX, IDPRODUIT, TYPECHOIX) VALUES (10, 18, 'Couleur');
INSERT INTO AFFECTER (IDCHOIX, IDPRODUIT, TYPECHOIX) VALUES (10, 17, 'Couleur');
INSERT INTO AFFECTER (IDCHOIX, IDPRODUIT, TYPECHOIX) VALUES (11, 13, 'Couleur');
INSERT INTO AFFECTER (IDCHOIX, IDPRODUIT, TYPECHOIX) VALUES (11, 7, 'Couleur');
INSERT INTO AFFECTER (IDCHOIX, IDPRODUIT, TYPECHOIX) VALUES (11, 5, 'Couleur');
INSERT INTO AFFECTER (IDCHOIX, IDPRODUIT, TYPECHOIX) VALUES (11, 3, 'Couleur');
INSERT INTO AFFECTER (IDCHOIX, IDPRODUIT, TYPECHOIX) VALUES (11, 50, 'Couleur');
INSERT INTO AFFECTER (IDCHOIX, IDPRODUIT, TYPECHOIX) VALUES (11, 2, 'Couleur');
INSERT INTO AFFECTER (IDCHOIX, IDPRODUIT, TYPECHOIX) VALUES (11, 49, 'Couleur');
INSERT INTO AFFECTER (IDCHOIX, IDPRODUIT, TYPECHOIX) VALUES (11, 12, 'Couleur');
INSERT INTO AFFECTER (IDCHOIX, IDPRODUIT, TYPECHOIX) VALUES (11, 10, 'Couleur');
INSERT INTO AFFECTER (IDCHOIX, IDPRODUIT, TYPECHOIX) VALUES (11, 9, 'Couleur');
INSERT INTO AFFECTER (IDCHOIX, IDPRODUIT, TYPECHOIX) VALUES (11, 8, 'Couleur');
INSERT INTO AFFECTER (IDCHOIX, IDPRODUIT, TYPECHOIX) VALUES (11, 6, 'Couleur');
INSERT INTO AFFECTER (IDCHOIX, IDPRODUIT, TYPECHOIX) VALUES (11, 29, 'Couleur');
INSERT INTO AFFECTER (IDCHOIX, IDPRODUIT, TYPECHOIX) VALUES (11, 34, 'Couleur');
INSERT INTO AFFECTER (IDCHOIX, IDPRODUIT, TYPECHOIX) VALUES (11, 33, 'Couleur');
INSERT INTO AFFECTER (IDCHOIX, IDPRODUIT, TYPECHOIX) VALUES (11, 30, 'Couleur');
INSERT INTO AFFECTER (IDCHOIX, IDPRODUIT, TYPECHOIX) VALUES (11, 23, 'Couleur');
INSERT INTO AFFECTER (IDCHOIX, IDPRODUIT, TYPECHOIX) VALUES (11, 26, 'Couleur');
INSERT INTO AFFECTER (IDCHOIX, IDPRODUIT, TYPECHOIX) VALUES (11, 35, 'Couleur');
INSERT INTO AFFECTER (IDCHOIX, IDPRODUIT, TYPECHOIX) VALUES (11, 36, 'Couleur');
INSERT INTO AFFECTER (IDCHOIX, IDPRODUIT, TYPECHOIX) VALUES (11, 37, 'Couleur');
INSERT INTO AFFECTER (IDCHOIX, IDPRODUIT, TYPECHOIX) VALUES (11, 39, 'Couleur');
INSERT INTO AFFECTER (IDCHOIX, IDPRODUIT, TYPECHOIX) VALUES (11, 22, 'Couleur');
INSERT INTO AFFECTER (IDCHOIX, IDPRODUIT, TYPECHOIX) VALUES (11, 20, 'Couleur');
INSERT INTO AFFECTER (IDCHOIX, IDPRODUIT, TYPECHOIX) VALUES (11, 19, 'Couleur');
INSERT INTO AFFECTER (IDCHOIX, IDPRODUIT, TYPECHOIX) VALUES (11, 18, 'Couleur');
INSERT INTO AFFECTER (IDCHOIX, IDPRODUIT, TYPECHOIX) VALUES (11, 16, 'Couleur');
INSERT INTO AFFECTER (IDCHOIX, IDPRODUIT, TYPECHOIX) VALUES (12, 13, 'Couleur');
INSERT INTO AFFECTER (IDCHOIX, IDPRODUIT, TYPECHOIX) VALUES (12, 43, 'Couleur');
INSERT INTO AFFECTER (IDCHOIX, IDPRODUIT, TYPECHOIX) VALUES (12, 44, 'Couleur');
INSERT INTO AFFECTER (IDCHOIX, IDPRODUIT, TYPECHOIX) VALUES (12, 11, 'Couleur');
INSERT INTO AFFECTER (IDCHOIX, IDPRODUIT, TYPECHOIX) VALUES (12, 34, 'Couleur');
INSERT INTO AFFECTER (IDCHOIX, IDPRODUIT, TYPECHOIX) VALUES (12, 32, 'Couleur');
INSERT INTO AFFECTER (IDCHOIX, IDPRODUIT, TYPECHOIX) VALUES (12, 31, 'Couleur');
INSERT INTO AFFECTER (IDCHOIX, IDPRODUIT, TYPECHOIX) VALUES (12, 24, 'Couleur');
INSERT INTO AFFECTER (IDCHOIX, IDPRODUIT, TYPECHOIX) VALUES (12, 26, 'Couleur');
INSERT INTO AFFECTER (IDCHOIX, IDPRODUIT, TYPECHOIX) VALUES (12, 27, 'Couleur');
INSERT INTO AFFECTER (IDCHOIX, IDPRODUIT, TYPECHOIX) VALUES (12, 28, 'Couleur');
INSERT INTO AFFECTER (IDCHOIX, IDPRODUIT, TYPECHOIX) VALUES (12, 42, 'Couleur');
INSERT INTO AFFECTER (IDCHOIX, IDPRODUIT, TYPECHOIX) VALUES (12, 47, 'Couleur');
INSERT INTO AFFECTER (IDCHOIX, IDPRODUIT, TYPECHOIX) VALUES (12, 22, 'Couleur');
INSERT INTO AFFECTER (IDCHOIX, IDPRODUIT, TYPECHOIX) VALUES (12, 18, 'Couleur');
INSERT INTO AFFECTER (IDCHOIX, IDPRODUIT, TYPECHOIX) VALUES (12, 17, 'Couleur');
INSERT INTO AFFECTER (IDCHOIX, IDPRODUIT, TYPECHOIX) VALUES (12, 14, 'Couleur');
INSERT INTO AFFECTER (IDCHOIX, IDPRODUIT, TYPECHOIX) VALUES (13, 13, 'Couleur');
INSERT INTO AFFECTER (IDCHOIX, IDPRODUIT, TYPECHOIX) VALUES (13, 45, 'Couleur');
INSERT INTO AFFECTER (IDCHOIX, IDPRODUIT, TYPECHOIX) VALUES (13, 46, 'Couleur');
INSERT INTO AFFECTER (IDCHOIX, IDPRODUIT, TYPECHOIX) VALUES (13, 7, 'Couleur');
INSERT INTO AFFECTER (IDCHOIX, IDPRODUIT, TYPECHOIX) VALUES (13, 4, 'Couleur');
INSERT INTO AFFECTER (IDCHOIX, IDPRODUIT, TYPECHOIX) VALUES (13, 49, 'Couleur');
INSERT INTO AFFECTER (IDCHOIX, IDPRODUIT, TYPECHOIX) VALUES (13, 34, 'Couleur');
INSERT INTO AFFECTER (IDCHOIX, IDPRODUIT, TYPECHOIX) VALUES (13, 33, 'Couleur');
INSERT INTO AFFECTER (IDCHOIX, IDPRODUIT, TYPECHOIX) VALUES (13, 25, 'Couleur');
INSERT INTO AFFECTER (IDCHOIX, IDPRODUIT, TYPECHOIX) VALUES (13, 38, 'Couleur');
INSERT INTO AFFECTER (IDCHOIX, IDPRODUIT, TYPECHOIX) VALUES (13, 41, 'Couleur');
INSERT INTO AFFECTER (IDCHOIX, IDPRODUIT, TYPECHOIX) VALUES (13, 22, 'Couleur');
INSERT INTO AFFECTER (IDCHOIX, IDPRODUIT, TYPECHOIX) VALUES (13, 21, 'Couleur');
INSERT INTO AFFECTER (IDCHOIX, IDPRODUIT, TYPECHOIX) VALUES (13, 19, 'Couleur');
INSERT INTO AFFECTER (IDCHOIX, IDPRODUIT, TYPECHOIX) VALUES (13, 15, 'Couleur');
INSERT INTO AFFECTER (IDCHOIX, IDPRODUIT, TYPECHOIX) VALUES (14, 7, 'Capacité');
INSERT INTO AFFECTER (IDCHOIX, IDPRODUIT, TYPECHOIX) VALUES (15, 10, 'Capacité');
INSERT INTO AFFECTER (IDCHOIX, IDPRODUIT, TYPECHOIX) VALUES (15, 46, 'Capacité');
INSERT INTO AFFECTER (IDCHOIX, IDPRODUIT, TYPECHOIX) VALUES (15, 8, 'Capacité');
INSERT INTO AFFECTER (IDCHOIX, IDPRODUIT, TYPECHOIX) VALUES (15, 23, 'Capacité');
INSERT INTO AFFECTER (IDCHOIX, IDPRODUIT, TYPECHOIX) VALUES (15, 11, 'Capacité');
INSERT INTO AFFECTER (IDCHOIX, IDPRODUIT, TYPECHOIX) VALUES (16, 28, 'Capacité');
INSERT INTO AFFECTER (IDCHOIX, IDPRODUIT, TYPECHOIX) VALUES (17, 29, 'Capacité');

-- Assigner (temporaire)
INSERT INTO ASSIGNER (IDCARACTERISTIQUE, IDPRODUIT, DONNEECARACTERISTIQUE) VALUES (1, 1, 'consectetur');
INSERT INTO ASSIGNER (IDCARACTERISTIQUE, IDPRODUIT, DONNEECARACTERISTIQUE) VALUES (2, 1, 'beatae');
INSERT INTO ASSIGNER (IDCARACTERISTIQUE, IDPRODUIT, DONNEECARACTERISTIQUE) VALUES (3, 1, 'eveniet');
INSERT INTO ASSIGNER (IDCARACTERISTIQUE, IDPRODUIT, DONNEECARACTERISTIQUE) VALUES (4, 1, 'ut');
INSERT INTO ASSIGNER (IDCARACTERISTIQUE, IDPRODUIT, DONNEECARACTERISTIQUE) VALUES (5, 1, 'nulla');
INSERT INTO ASSIGNER (IDCARACTERISTIQUE, IDPRODUIT, DONNEECARACTERISTIQUE) VALUES (6, 2, 'non');
INSERT INTO ASSIGNER (IDCARACTERISTIQUE, IDPRODUIT, DONNEECARACTERISTIQUE) VALUES (7, 2, 'dignissimos');
INSERT INTO ASSIGNER (IDCARACTERISTIQUE, IDPRODUIT, DONNEECARACTERISTIQUE) VALUES (8, 2, 'omnis');
INSERT INTO ASSIGNER (IDCARACTERISTIQUE, IDPRODUIT, DONNEECARACTERISTIQUE) VALUES (9, 2, 'provident');
INSERT INTO ASSIGNER (IDCARACTERISTIQUE, IDPRODUIT, DONNEECARACTERISTIQUE) VALUES (10, 2, 'maiores');
INSERT INTO ASSIGNER (IDCARACTERISTIQUE, IDPRODUIT, DONNEECARACTERISTIQUE) VALUES (1, 3, 'corporis');
INSERT INTO ASSIGNER (IDCARACTERISTIQUE, IDPRODUIT, DONNEECARACTERISTIQUE) VALUES (2, 3, 'porro');
INSERT INTO ASSIGNER (IDCARACTERISTIQUE, IDPRODUIT, DONNEECARACTERISTIQUE) VALUES (3, 3, 'quaerat');
INSERT INTO ASSIGNER (IDCARACTERISTIQUE, IDPRODUIT, DONNEECARACTERISTIQUE) VALUES (4, 3, 'dolorem');
INSERT INTO ASSIGNER (IDCARACTERISTIQUE, IDPRODUIT, DONNEECARACTERISTIQUE) VALUES (5, 3, 'suscipit');
INSERT INTO ASSIGNER (IDCARACTERISTIQUE, IDPRODUIT, DONNEECARACTERISTIQUE) VALUES (6, 4, 'reprehenderit');
INSERT INTO ASSIGNER (IDCARACTERISTIQUE, IDPRODUIT, DONNEECARACTERISTIQUE) VALUES (7, 4, 'temporibus');
INSERT INTO ASSIGNER (IDCARACTERISTIQUE, IDPRODUIT, DONNEECARACTERISTIQUE) VALUES (8, 4, 'modi');
INSERT INTO ASSIGNER (IDCARACTERISTIQUE, IDPRODUIT, DONNEECARACTERISTIQUE) VALUES (9, 4, 'sed');
INSERT INTO ASSIGNER (IDCARACTERISTIQUE, IDPRODUIT, DONNEECARACTERISTIQUE) VALUES (10, 4, 'vitae');
INSERT INTO ASSIGNER (IDCARACTERISTIQUE, IDPRODUIT, DONNEECARACTERISTIQUE) VALUES (1, 5, 'perspiciatis');
INSERT INTO ASSIGNER (IDCARACTERISTIQUE, IDPRODUIT, DONNEECARACTERISTIQUE) VALUES (2, 5, 'nihil');
INSERT INTO ASSIGNER (IDCARACTERISTIQUE, IDPRODUIT, DONNEECARACTERISTIQUE) VALUES (3, 5, 'corrupti');
INSERT INTO ASSIGNER (IDCARACTERISTIQUE, IDPRODUIT, DONNEECARACTERISTIQUE) VALUES (4, 5, 'voluptatem');
INSERT INTO ASSIGNER (IDCARACTERISTIQUE, IDPRODUIT, DONNEECARACTERISTIQUE) VALUES (5, 5, 'deleniti');

-- Recréation des séquences par rapport aux nombres de lignes insérées dans les tables correspondantes
DROP SEQUENCE seq_administrateur;
DROP SEQUENCE seq_client;
DROP SEQUENCE seq_commande;
DROP SEQUENCE seq_panier;
DROP SEQUENCE seq_produit;
DROP SEQUENCE seq_choix;
DROP SEQUENCE seq_categorie;
DROP SEQUENCE seq_caracteristique;
CREATE SEQUENCE seq_administrateur START WITH 6;
CREATE SEQUENCE seq_client START WITH 51;
CREATE SEQUENCE seq_commande START WITH 101;
CREATE SEQUENCE seq_panier START WITH 51;
CREATE SEQUENCE seq_produit START WITH 51;
CREATE SEQUENCE seq_choix START WITH 18;
CREATE SEQUENCE seq_caracteristique START WITH 11;
CREATE SEQUENCE seq_categorie START WITH 30;
