/* Jeu de données généré sur le site https://filldb.info/ */


-- Administrateurs
INSERT INTO Administrateur (idAdmin, nomAdmin, prenomAdmin, mailAdmin, mdpAdmin, dateCompteAdmin) VALUES (1, 'Wyman', 'Zack', 'wmorissette@labadie.org', 'Commodi amet saepe omnis imped', TO_DATE('1992-07-04 23:05:34', 'YYYY-MM-DD HH24:MI:SS'));
INSERT INTO Administrateur (idAdmin, nomAdmin, prenomAdmin, mailAdmin, mdpAdmin, dateCompteAdmin) VALUES (2, 'Zboncak', 'Ken', 'carolyne26@crooks.com', 'Doloribus nihil assumenda quib', TO_DATE('1980-11-10 13:39:32', 'YYYY-MM-DD HH24:MI:SS'));
INSERT INTO Administrateur (idAdmin, nomAdmin, prenomAdmin, mailAdmin, mdpAdmin, dateCompteAdmin) VALUES (3, 'Erdman', 'Salvador', 'mercedes.cole@hotmail.com', 'Velit ut quisquam non officia ', TO_DATE('1998-06-06 18:13:51', 'YYYY-MM-DD HH24:MI:SS'));
INSERT INTO Administrateur (idAdmin, nomAdmin, prenomAdmin, mailAdmin, mdpAdmin, dateCompteAdmin) VALUES (4, 'Grimes', 'Reva', 'omari.cassin@ferrycassin.biz', 'Voluptatem nobis dolorem inven', TO_DATE('1982-01-14 07:17:29', 'YYYY-MM-DD HH24:MI:SS'));
INSERT INTO Administrateur (idAdmin, nomAdmin, prenomAdmin, mailAdmin, mdpAdmin, dateCompteAdmin) VALUES (5, 'Kling', 'Jade', 'padberg.barton@oharagerlach.in', 'Ea sunt illum dolorum facere i', TO_DATE('1987-12-18 14:07:12', 'YYYY-MM-DD HH24:MI:SS'));

UPDATE Administrateur
SET mdpAdmin = '$2y$10$Xc41k8dDJScxqkvRHQD3deQ2NQYtdV4ZiLoJorMnGWj0VE47ugMh6';


-- Clients
INSERT INTO Client (idClient, nomClient, prenomClient, mailClient, mdpClient, adresseClient, dateCompteClient, accepterAnnonceClient) VALUES (1, 'Senger', 'Deron', 'ullrich.ramiro@zemlak.com', 'Aut molestiae natus a autem es', '998 Ritchie Lake Suite 051\nPor', TO_DATE('1987-09-01 23:52:51', 'YYYY-MM-DD HH24:MI:SS'), 0);
INSERT INTO Client (idClient, nomClient, prenomClient, mailClient, mdpClient, adresseClient, dateCompteClient, accepterAnnonceClient) VALUES (2, 'Dietrich', 'Amelia', 'deckow.freddie@hotmail.com', 'Eum ipsa est eius. Consequatur', '7488 Vesta Avenue\nSouth Dangel', TO_DATE('1978-05-06 20:38:07', 'YYYY-MM-DD HH24:MI:SS'), 0);
INSERT INTO Client (idClient, nomClient, prenomClient, mailClient, mdpClient, adresseClient, dateCompteClient, accepterAnnonceClient) VALUES (3, 'Dickens', 'Immanuel', 'addie67@veumbeier.com', 'Natus adipisci aliquid ipsum d', '00143 Vella Estates\nRatkeberg,', TO_DATE('2015-08-30 11:27:39', 'YYYY-MM-DD HH24:MI:SS'), 0);
INSERT INTO Client (idClient, nomClient, prenomClient, mailClient, mdpClient, adresseClient, dateCompteClient, accepterAnnonceClient) VALUES (4, 'Rohan', 'Kendra', 'kian77@zulauf.com', 'Et reprehenderit corrupti haru', '407 Morissette Prairie Suite 6', TO_DATE('1990-03-29 23:09:33', 'YYYY-MM-DD HH24:MI:SS'), 1);
INSERT INTO Client (idClient, nomClient, prenomClient, mailClient, mdpClient, adresseClient, dateCompteClient, accepterAnnonceClient) VALUES (5, 'McDermott', 'Adolphus', 'bailey73@gmail.com', 'Saepe sit minima nam nesciunt ', '037 Hoppe Springs\nVivianstad, ', TO_DATE('2019-10-01 19:01:43', 'YYYY-MM-DD HH24:MI:SS'), 0);
INSERT INTO Client (idClient, nomClient, prenomClient, mailClient, mdpClient, adresseClient, dateCompteClient, accepterAnnonceClient) VALUES (6, 'Harris', 'Jovanny', 'vbuckridge@zboncak.info', 'Animi esse quibusdam esse volu', '815 Aditya Corner\nFriesenhaven', TO_DATE('2022-07-06 03:53:52', 'YYYY-MM-DD HH24:MI:SS'), 0);
INSERT INTO Client (idClient, nomClient, prenomClient, mailClient, mdpClient, adresseClient, dateCompteClient, accepterAnnonceClient) VALUES (7, 'Heidenreich', 'Camille', 'aniya.murphy@yahoo.com', 'Sequi deserunt eos minus error', '59729 Caden Drive Apt. 006\nGer', TO_DATE('2020-12-23 15:08:17', 'YYYY-MM-DD HH24:MI:SS'), 0);
INSERT INTO Client (idClient, nomClient, prenomClient, mailClient, mdpClient, adresseClient, dateCompteClient, accepterAnnonceClient) VALUES (8, 'Lesch', 'Elmira', 'zkunze@yahoo.com', 'Recusandae quis a odit adipisc', '220 Maggio Fords Suite 587\nFri', TO_DATE('1978-12-31 09:23:23', 'YYYY-MM-DD HH24:MI:SS'), 0);
INSERT INTO Client (idClient, nomClient, prenomClient, mailClient, mdpClient, adresseClient, dateCompteClient, accepterAnnonceClient) VALUES (9, 'Bernhard', 'Angel', 'vonrueden.merritt@gmail.com', 'Facilis ipsam soluta molestias', '83948 Abagail Courts\nEdwardvil', TO_DATE('1976-04-07 11:52:49', 'YYYY-MM-DD HH24:MI:SS'), 0);
INSERT INTO Client (idClient, nomClient, prenomClient, mailClient, mdpClient, adresseClient, dateCompteClient, accepterAnnonceClient) VALUES (10, 'Hyatt', 'Vesta', 'elise.hammes@hotmail.com', 'Velit autem eius officia exerc', '4260 Pfeffer Stream\nNorth Keny', TO_DATE('2011-01-16 04:41:21', 'YYYY-MM-DD HH24:MI:SS'), 1);
INSERT INTO Client (idClient, nomClient, prenomClient, mailClient, mdpClient, adresseClient, dateCompteClient, accepterAnnonceClient) VALUES (11, 'Crooks', 'Cayla', 'volkman.khalid@hotmail.com', 'Quas aut corrupti ipsum minus ', '186 Mariela Plains Suite 206\nB', TO_DATE('2006-05-31 12:46:32', 'YYYY-MM-DD HH24:MI:SS'), 0);
INSERT INTO Client (idClient, nomClient, prenomClient, mailClient, mdpClient, adresseClient, dateCompteClient, accepterAnnonceClient) VALUES (12, 'Aufderhar', 'Marjolaine', 'funk.vivian@parker.com', 'Enim earum cupiditate veniam e', '22533 Montana Corner\nTianafurt', TO_DATE('1975-08-04 13:28:05', 'YYYY-MM-DD HH24:MI:SS'), 1);
INSERT INTO Client (idClient, nomClient, prenomClient, mailClient, mdpClient, adresseClient, dateCompteClient, accepterAnnonceClient) VALUES (13, 'Stokes', 'Melody', 'swift.eliezer@kuhlmanhessel.co', 'Impedit reprehenderit fugiat p', '2767 Ardith Ridge Apt. 516\nEla', TO_DATE('1971-05-12 01:23:33', 'YYYY-MM-DD HH24:MI:SS'), 1);
INSERT INTO Client (idClient, nomClient, prenomClient, mailClient, mdpClient, adresseClient, dateCompteClient, accepterAnnonceClient) VALUES (14, 'Price', 'Anahi', 'xdoyle@jaskolskiwillms.com', 'Doloremque ea sed ratione reru', '76457 Steuber Summit Suite 010', TO_DATE('1990-10-06 13:40:20', 'YYYY-MM-DD HH24:MI:SS'), 0);
INSERT INTO Client (idClient, nomClient, prenomClient, mailClient, mdpClient, adresseClient, dateCompteClient, accepterAnnonceClient) VALUES (15, 'Gusikowski', 'Anjali', 'jacobs.madelynn@gislason.biz', 'Dolorem omnis dolor veniam. At', '617 Quitzon Extensions Apt. 70', TO_DATE('2019-04-11 10:27:30', 'YYYY-MM-DD HH24:MI:SS'), 1);
INSERT INTO Client (idClient, nomClient, prenomClient, mailClient, mdpClient, adresseClient, dateCompteClient, accepterAnnonceClient) VALUES (16, 'Eichmann', 'Giuseppe', 'selmer44@mante.org', 'Et quaerat temporibus recusand', '309 Rylee Ville Suite 055\nOraf', TO_DATE('1972-07-01 04:31:41', 'YYYY-MM-DD HH24:MI:SS'), 1);
INSERT INTO Client (idClient, nomClient, prenomClient, mailClient, mdpClient, adresseClient, dateCompteClient, accepterAnnonceClient) VALUES (17, 'Kiehn', 'Bettie', 'nwalker@yahoo.com', 'Sed omnis ut facere aut aut id', '93422 Lilla Flat\nEast Annetta,', TO_DATE('2000-02-20 21:21:06', 'YYYY-MM-DD HH24:MI:SS'), 1);
INSERT INTO Client (idClient, nomClient, prenomClient, mailClient, mdpClient, adresseClient, dateCompteClient, accepterAnnonceClient) VALUES (18, 'Lebsack', 'Dewayne', 'lkulas@yahoo.com', 'Reprehenderit dolorem voluptat', '13408 General Points Suite 185', TO_DATE('1989-11-25 01:41:50', 'YYYY-MM-DD HH24:MI:SS'), 0);
INSERT INTO Client (idClient, nomClient, prenomClient, mailClient, mdpClient, adresseClient, dateCompteClient, accepterAnnonceClient) VALUES (19, 'Rath', 'Addie', 'margarita98@emmerich.com', 'Itaque eos rerum quidem at sed', '41087 Turner Creek\nPort Chandl', TO_DATE('1982-01-07 19:06:56', 'YYYY-MM-DD HH24:MI:SS'), 0);
INSERT INTO Client (idClient, nomClient, prenomClient, mailClient, mdpClient, adresseClient, dateCompteClient, accepterAnnonceClient) VALUES (20, 'Wilkinson', 'Alexandrine', 'reed34@yahoo.com', 'Rerum autem sunt reiciendis ea', '31462 Balistreri Parkways\nLake', TO_DATE('2003-10-31 22:58:07', 'YYYY-MM-DD HH24:MI:SS'), 0);
INSERT INTO Client (idClient, nomClient, prenomClient, mailClient, mdpClient, adresseClient, dateCompteClient, accepterAnnonceClient) VALUES (21, 'Metz', 'Frederick', 'torp.alysson@yahoo.com', 'Et velit debitis sunt est duci', '06300 Cartwright Circles\nWest ', TO_DATE('2022-12-07 07:22:24', 'YYYY-MM-DD HH24:MI:SS'), 1);
INSERT INTO Client (idClient, nomClient, prenomClient, mailClient, mdpClient, adresseClient, dateCompteClient, accepterAnnonceClient) VALUES (22, 'Herman', 'Rasheed', 'mraz.dovie@hotmail.com', 'Quidem enim ea ad ipsa et omni', '2238 Eliseo Land Apt. 160\nEast', TO_DATE('2020-10-01 11:27:57', 'YYYY-MM-DD HH24:MI:SS'), 0);
INSERT INTO Client (idClient, nomClient, prenomClient, mailClient, mdpClient, adresseClient, dateCompteClient, accepterAnnonceClient) VALUES (23, 'Stroman', 'Hilda', 'cordelia86@gmail.com', 'Excepturi ea voluptas ut eum. ', '795 Boyle Shore Suite 160\nCorm', TO_DATE('2003-12-10 03:39:24', 'YYYY-MM-DD HH24:MI:SS'), 0);
INSERT INTO Client (idClient, nomClient, prenomClient, mailClient, mdpClient, adresseClient, dateCompteClient, accepterAnnonceClient) VALUES (24, 'Doyle', 'Nellie', 'jbogan@krisstiedemann.biz', 'Dolor distinctio et et. Volupt', '08066 Josh Spurs\nWest Kendrick', TO_DATE('2021-03-23 04:44:49', 'YYYY-MM-DD HH24:MI:SS'), 1);
INSERT INTO Client (idClient, nomClient, prenomClient, mailClient, mdpClient, adresseClient, dateCompteClient, accepterAnnonceClient) VALUES (25, 'Weissnat', 'Paige', 'sadie.mante@gmail.com', 'Consequatur unde maxime odio. ', '754 Rempel Brook\nNorth Miller,', TO_DATE('2008-10-30 11:05:25', 'YYYY-MM-DD HH24:MI:SS'), 1);
INSERT INTO Client (idClient, nomClient, prenomClient, mailClient, mdpClient, adresseClient, dateCompteClient, accepterAnnonceClient) VALUES (26, 'VonRueden', 'August', 'emmerich.ewald@yahoo.com', 'Mollitia eum aut consequuntur ', '39859 Pollich Ridge\nEast Donni', TO_DATE('1994-06-10 04:06:30', 'YYYY-MM-DD HH24:MI:SS'), 0);
INSERT INTO Client (idClient, nomClient, prenomClient, mailClient, mdpClient, adresseClient, dateCompteClient, accepterAnnonceClient) VALUES (27, 'Renner', 'Petra', 'genevieve.casper@hotmail.com', 'Voluptas ut ipsum rem soluta e', '154 Callie Island\nTrantowfurt,', TO_DATE('2015-10-26 01:43:48', 'YYYY-MM-DD HH24:MI:SS'), 1);
INSERT INTO Client (idClient, nomClient, prenomClient, mailClient, mdpClient, adresseClient, dateCompteClient, accepterAnnonceClient) VALUES (28, 'Jacobs', 'Loy', 'ucummings@hotmail.com', 'Officia cumque quod ad quae et', '3829 Barton Circle Apt. 021\nSe', TO_DATE('1975-11-15 02:20:10', 'YYYY-MM-DD HH24:MI:SS'), 1);
INSERT INTO Client (idClient, nomClient, prenomClient, mailClient, mdpClient, adresseClient, dateCompteClient, accepterAnnonceClient) VALUES (29, 'Vandervort', 'Susan', 'adella90@gmail.com', 'Dignissimos nostrum fuga error', '786 Huels Rapid\nNew Esta, AR 6', TO_DATE('2003-12-22 19:07:08', 'YYYY-MM-DD HH24:MI:SS'), 1);
INSERT INTO Client (idClient, nomClient, prenomClient, mailClient, mdpClient, adresseClient, dateCompteClient, accepterAnnonceClient) VALUES (30, 'Haley', 'Urban', 'athena71@yahoo.com', 'Voluptate sapiente aut sapient', '6529 Travon Summit Apt. 519\nWe', TO_DATE('1990-06-18 21:15:04', 'YYYY-MM-DD HH24:MI:SS'), 0);
INSERT INTO Client (idClient, nomClient, prenomClient, mailClient, mdpClient, adresseClient, dateCompteClient, accepterAnnonceClient) VALUES (31, 'Blanda', 'Titus', 'carrie.wyman@oconnerglover.com', 'Alias non laboriosam sit sit a', '4064 Kulas Haven\nEast Cecelia,', TO_DATE('2003-10-20 14:18:43', 'YYYY-MM-DD HH24:MI:SS'), 1);
INSERT INTO Client (idClient, nomClient, prenomClient, mailClient, mdpClient, adresseClient, dateCompteClient, accepterAnnonceClient) VALUES (32, 'Senger', 'Alessandra', 'damien.turner@hotmail.com', 'Magnam est nulla modi vel vel ', '83546 Adams Station Apt. 117\nS', TO_DATE('2009-06-26 05:23:03', 'YYYY-MM-DD HH24:MI:SS'), 1);
INSERT INTO Client (idClient, nomClient, prenomClient, mailClient, mdpClient, adresseClient, dateCompteClient, accepterAnnonceClient) VALUES (33, 'Satterfield', 'Bell', 'vicente.hartmann@smith.net', 'Reprehenderit earum libero lau', '93558 Orion Plains\nFeeneyport,', TO_DATE('1989-10-27 11:29:56', 'YYYY-MM-DD HH24:MI:SS'), 1);
INSERT INTO Client (idClient, nomClient, prenomClient, mailClient, mdpClient, adresseClient, dateCompteClient, accepterAnnonceClient) VALUES (34, 'Aufderhar', 'Katelynn', 'milton.luettgen@yahoo.com', 'Qui sapiente atque et tenetur ', '7410 Kuhn Road\nSincereburgh, S', TO_DATE('2006-10-23 22:14:22', 'YYYY-MM-DD HH24:MI:SS'), 1);
INSERT INTO Client (idClient, nomClient, prenomClient, mailClient, mdpClient, adresseClient, dateCompteClient, accepterAnnonceClient) VALUES (35, 'Casper', 'Vicky', 'otha02@gmail.com', 'Eos omnis quaerat non dicta. A', '701 Bartell Trail Apt. 186\nEth', TO_DATE('1975-08-20 00:35:22', 'YYYY-MM-DD HH24:MI:SS'), 1);
INSERT INTO Client (idClient, nomClient, prenomClient, mailClient, mdpClient, adresseClient, dateCompteClient, accepterAnnonceClient) VALUES (36, 'Blanda', 'Darius', 'naomi18@pouros.org', 'Occaecati nostrum eligendi ali', '27819 Cora Streets Suite 811\nS', TO_DATE('2009-11-22 23:03:32', 'YYYY-MM-DD HH24:MI:SS'), 1);
INSERT INTO Client (idClient, nomClient, prenomClient, mailClient, mdpClient, adresseClient, dateCompteClient, accepterAnnonceClient) VALUES (37, 'Wisoky', 'Rosetta', 'rzulauf@gmail.com', 'Molestiae debitis perspiciatis', '74876 Alyce Valleys\nLake Deanv', TO_DATE('1970-03-28 15:37:03', 'YYYY-MM-DD HH24:MI:SS'), 0);
INSERT INTO Client (idClient, nomClient, prenomClient, mailClient, mdpClient, adresseClient, dateCompteClient, accepterAnnonceClient) VALUES (38, 'Bogisich', 'Twila', 'beatty.ignatius@yahoo.com', 'Eius voluptatem aut laudantium', '24642 Eichmann Hills Suite 093', TO_DATE('1998-03-20 03:17:41', 'YYYY-MM-DD HH24:MI:SS'), 0);
INSERT INTO Client (idClient, nomClient, prenomClient, mailClient, mdpClient, adresseClient, dateCompteClient, accepterAnnonceClient) VALUES (39, 'Baumbach', 'Lilly', 'nyasia16@dietrich.com', 'Deleniti sint et temporibus ev', '2858 Champlin Fork\nEast Antoin', TO_DATE('1970-03-27 02:55:51', 'YYYY-MM-DD HH24:MI:SS'), 0);
INSERT INTO Client (idClient, nomClient, prenomClient, mailClient, mdpClient, adresseClient, dateCompteClient, accepterAnnonceClient) VALUES (40, 'Fadel', 'Kaela', 'ocie.abbott@sipes.org', 'Molestiae sit est modi et sunt', '92099 Turcotte Avenue\nHoegervi', TO_DATE('1987-06-21 19:01:08', 'YYYY-MM-DD HH24:MI:SS'), 0);
INSERT INTO Client (idClient, nomClient, prenomClient, mailClient, mdpClient, adresseClient, dateCompteClient, accepterAnnonceClient) VALUES (41, 'Bernhard', 'Estella', 'clemens.monahan@gmail.com', 'Et deleniti voluptate sint dol', '02062 Kutch Mountain Suite 291', TO_DATE('2003-04-13 23:25:00', 'YYYY-MM-DD HH24:MI:SS'), 1);
INSERT INTO Client (idClient, nomClient, prenomClient, mailClient, mdpClient, adresseClient, dateCompteClient, accepterAnnonceClient) VALUES (42, 'Rutherford', 'Trisha', 'denesik.fae@gleichner.com', 'Nesciunt voluptatem soluta qui', '01558 Ariane Glen Apt. 315\nLup', TO_DATE('1987-04-02 19:27:27', 'YYYY-MM-DD HH24:MI:SS'), 1);
INSERT INTO Client (idClient, nomClient, prenomClient, mailClient, mdpClient, adresseClient, dateCompteClient, accepterAnnonceClient) VALUES (43, 'Welch', 'Samanta', 'jerde.evangeline@gmail.com', 'Dolore doloribus et quis et. E', '2862 Whitney Rue\nTorphyfurt, M', TO_DATE('2004-03-14 06:01:20', 'YYYY-MM-DD HH24:MI:SS'), 1);
INSERT INTO Client (idClient, nomClient, prenomClient, mailClient, mdpClient, adresseClient, dateCompteClient, accepterAnnonceClient) VALUES (44, 'Kirlin', 'Bartholome', 'upton.leilani@schmitt.com', 'Consectetur aut et aliquid qua', '305 Georgette Way\nNonastad, MS', TO_DATE('2008-02-15 22:58:11', 'YYYY-MM-DD HH24:MI:SS'), 1);
INSERT INTO Client (idClient, nomClient, prenomClient, mailClient, mdpClient, adresseClient, dateCompteClient, accepterAnnonceClient) VALUES (45, 'Auer', 'Omer', 'bobbie20@fritschschultz.org', 'Placeat est repellendus dicta ', '594 Klocko Locks\nKellieport, H', TO_DATE('1970-10-25 03:26:57', 'YYYY-MM-DD HH24:MI:SS'), 1);
INSERT INTO Client (idClient, nomClient, prenomClient, mailClient, mdpClient, adresseClient, dateCompteClient, accepterAnnonceClient) VALUES (46, 'Bartoletti', 'Vinnie', 'krystel.nicolas@hotmail.com', 'Nemo ut voluptatum id non et s', '0396 Haylee Village Suite 788\n', TO_DATE('1993-07-02 10:21:30', 'YYYY-MM-DD HH24:MI:SS'), 0);
INSERT INTO Client (idClient, nomClient, prenomClient, mailClient, mdpClient, adresseClient, dateCompteClient, accepterAnnonceClient) VALUES (47, 'Mills', 'Tabitha', 'durward.bins@yahoo.com', 'Nemo neque placeat nihil deser', '064 Jeromy Flat\nJoanyland, DE ', TO_DATE('1978-07-04 14:51:46', 'YYYY-MM-DD HH24:MI:SS'), 0);
INSERT INTO Client (idClient, nomClient, prenomClient, mailClient, mdpClient, adresseClient, dateCompteClient, accepterAnnonceClient) VALUES (48, 'Mann', 'Ethyl', 'ekshlerin@jacobs.com', 'Sit error quasi non a magnam a', '4907 Langosh Parks\nNew Vincenz', TO_DATE('2003-11-28 15:35:19', 'YYYY-MM-DD HH24:MI:SS'), 1);
INSERT INTO Client (idClient, nomClient, prenomClient, mailClient, mdpClient, adresseClient, dateCompteClient, accepterAnnonceClient) VALUES (49, 'Roob', 'Barton', 'damion64@jaskolskishanahan.com', 'Sed ut doloribus sunt aut. Dol', '4961 Sawayn Station Apt. 394\nJ', TO_DATE('1998-04-29 14:35:48', 'YYYY-MM-DD HH24:MI:SS'), 0);
INSERT INTO Client (idClient, nomClient, prenomClient, mailClient, mdpClient, adresseClient, dateCompteClient, accepterAnnonceClient) VALUES (50, 'Yost', 'Gregoria', 'kris.thurman@johnson.biz', 'Accusantium ex quia incidunt q', '43039 Fahey Fort Suite 193\nQui', TO_DATE('1995-06-14 19:55:49', 'YYYY-MM-DD HH24:MI:SS'), 0);

UPDATE Client
SET mdpClient = '$2y$10$Xc41k8dDJScxqkvRHQD3deQ2NQYtdV4ZiLoJorMnGWj0VE47ugMh6';


-- Revendeurs
INSERT INTO Revendeur (idRevendeur, nomRevendeur, localisationRevendeur) VALUES (1, 'Mills, Klocko and Weissnat', 'Anguilla');
INSERT INTO Revendeur (idRevendeur, nomRevendeur, localisationRevendeur) VALUES (2, 'Hyatt-Eichmann', 'Belgium');
INSERT INTO Revendeur (idRevendeur, nomRevendeur, localisationRevendeur) VALUES (3, 'Conn, Steuber and Bosco', 'Tajikistan');
INSERT INTO Revendeur (idRevendeur, nomRevendeur, localisationRevendeur) VALUES (4, 'Koelpin Group', 'British Virgin Islands');
INSERT INTO Revendeur (idRevendeur, nomRevendeur, localisationRevendeur) VALUES (5, 'Treutel-Schiller', 'Korea');
INSERT INTO Revendeur (idRevendeur, nomRevendeur, localisationRevendeur) VALUES (6, 'Ankunding, Rempel and DuBuque', 'Burkina Faso');
INSERT INTO Revendeur (idRevendeur, nomRevendeur, localisationRevendeur) VALUES (7, 'Kilback Inc', 'Tuvalu');
INSERT INTO Revendeur (idRevendeur, nomRevendeur, localisationRevendeur) VALUES (8, 'Sanford-Satterfield', 'Faroe Islands');
INSERT INTO Revendeur (idRevendeur, nomRevendeur, localisationRevendeur) VALUES (9, 'Trantow, Hodkiewicz and Bruen', 'Bahamas');
INSERT INTO Revendeur (idRevendeur, nomRevendeur, localisationRevendeur) VALUES (10, 'Nader-Spinka', 'Luxembourg');
INSERT INTO Revendeur (idRevendeur, nomRevendeur, localisationRevendeur) VALUES (11, 'Boyle, Christiansen and Corker', 'Austria');
INSERT INTO Revendeur (idRevendeur, nomRevendeur, localisationRevendeur) VALUES (12, 'Zemlak, Hermiston and Casper', 'Belgium');
INSERT INTO Revendeur (idRevendeur, nomRevendeur, localisationRevendeur) VALUES (13, 'Hayes PLC', 'Turkmenistan');
INSERT INTO Revendeur (idRevendeur, nomRevendeur, localisationRevendeur) VALUES (14, 'Reichert, Hammes and Brown', 'Cyprus');
INSERT INTO Revendeur (idRevendeur, nomRevendeur, localisationRevendeur) VALUES (15, 'Bashirian Group', 'Czech Republic');
INSERT INTO Revendeur (idRevendeur, nomRevendeur, localisationRevendeur) VALUES (16, 'Thompson-Abernathy', 'United Arab Emirates');
INSERT INTO Revendeur (idRevendeur, nomRevendeur, localisationRevendeur) VALUES (17, 'Cartwright Inc', 'Antigua and Barbuda');
INSERT INTO Revendeur (idRevendeur, nomRevendeur, localisationRevendeur) VALUES (18, 'Lang, Fisher and Carter', 'Ireland');
INSERT INTO Revendeur (idRevendeur, nomRevendeur, localisationRevendeur) VALUES (19, 'Hoeger, Schmidt and Mayert', 'Maldives');
INSERT INTO Revendeur (idRevendeur, nomRevendeur, localisationRevendeur) VALUES (20, 'Brown, White and Kuhlman', 'Philippines');


-- Categories
INSERT INTO Categorie (idCategorie, nomCategorie, idCategorieMere) VALUES (1, 'Smartphone', NULL);
INSERT INTO Categorie (idCategorie, nomCategorie, idCategorieMere) VALUES (2, 'MacBook', NULL);
INSERT INTO Categorie (idCategorie, nomCategorie, idCategorieMere) VALUES (3, 'Electroménager', NULL);
INSERT INTO Categorie (idCategorie, nomCategorie, idCategorieMere) VALUES (4, 'Ordinateur', NULL);
INSERT INTO Categorie (idCategorie, nomCategorie, idCategorieMere) VALUES (5, 'Consoles', NULL);
INSERT INTO Categorie (idCategorie, nomCategorie, idCategorieMere) VALUES (6, 'Bidet', NULL);
INSERT INTO Categorie (idCategorie, nomCategorie, idCategorieMere) VALUES (7, 'Iphone', 1);
INSERT INTO Categorie (idCategorie, nomCategorie, idCategorieMere) VALUES (8, 'Samsung', 1);
INSERT INTO Categorie (idCategorie, nomCategorie, idCategorieMere) VALUES (9, 'Huawei', 1);
INSERT INTO Categorie (idCategorie, nomCategorie, idCategorieMere) VALUES (10, 'Xiaomi', 1);
INSERT INTO Categorie (idCategorie, nomCategorie, idCategorieMere) VALUES (11, 'Nokia', 1);
INSERT INTO Categorie (idCategorie, nomCategorie, idCategorieMere) VALUES (12, 'MacBookPro', 2);
INSERT INTO Categorie (idCategorie, nomCategorie, idCategorieMere) VALUES (13, 'MacBookAir', 2);
INSERT INTO Categorie (idCategorie, nomCategorie, idCategorieMere) VALUES (14, 'MacBook', 2);
INSERT INTO Categorie (idCategorie, nomCategorie, idCategorieMere) VALUES (15, 'Four', 3);
INSERT INTO Categorie (idCategorie, nomCategorie, idCategorieMere) VALUES (16, 'Réfrigérateur', 3);
INSERT INTO Categorie (idCategorie, nomCategorie, idCategorieMere) VALUES (17, 'Lave-linge', 3);
INSERT INTO Categorie (idCategorie, nomCategorie, idCategorieMere) VALUES (18, 'Plancha', 3);
INSERT INTO Categorie (idCategorie, nomCategorie, idCategorieMere) VALUES (19, 'PC Portable', 4);
INSERT INTO Categorie (idCategorie, nomCategorie, idCategorieMere) VALUES (20, 'PC de bureau/gaming', 4);
INSERT INTO Categorie (idCategorie, nomCategorie, idCategorieMere) VALUES (21, 'Lenovo', 19);
INSERT INTO Categorie (idCategorie, nomCategorie, idCategorieMere) VALUES (22, 'HP', 19);
INSERT INTO Categorie (idCategorie, nomCategorie, idCategorieMere) VALUES (23, 'Acer', 19);
INSERT INTO Categorie (idCategorie, nomCategorie, idCategorieMere) VALUES (24, 'Dell', 20);
INSERT INTO Categorie (idCategorie, nomCategorie, idCategorieMere) VALUES (25, 'MSI', 20);
INSERT INTO Categorie (idCategorie, nomCategorie, idCategorieMere) VALUES (26, 'Razer', 20);
INSERT INTO Categorie (idCategorie, nomCategorie, idCategorieMere) VALUES (27, 'Playstation', 5);
INSERT INTO Categorie (idCategorie, nomCategorie, idCategorieMere) VALUES (28, 'Xbox', 5);
INSERT INTO Categorie (idCategorie, nomCategorie, idCategorieMere) VALUES (29, 'Nintendo', 5);


-- Produits (temporaires)
INSERT INTO Produit (idProduit, nomProduit, extensionImgProduit, prixProduit, prixBaseProduit, detailsProduit, quantiteStockProduit, vendreProduit, idRevendeur, idCategorie, delaiLivraisonProduit, dateRetractationProduit, garantieProduit, verifierProduit) VALUES (1, 'itaque', 'jpeg', 3637.41, 12408.54, 'Quam ut enim voluptatem qui officiis. Consequatur in perspiciatis doloremque aut esse ut. Qui officia inventore quidem occaecati ut id. Dignissimos unde optio ut magnam aut suscipit sint.', 994, 0, 10, 10, 25, TO_DATE('1977-10-20', 'YYYY-MM-DD'), 26, 0);
INSERT INTO Produit (idProduit, nomProduit, extensionImgProduit, prixProduit, prixBaseProduit, detailsProduit, quantiteStockProduit, vendreProduit, idRevendeur, idCategorie, delaiLivraisonProduit, dateRetractationProduit, garantieProduit, verifierProduit) VALUES (2, 'doloremque', 'jpg', 27486.77, 38499.8, 'Modi cupiditate et accusantium delectus ut. Voluptas repudiandae sequi nisi aspernatur culpa harum atque fuga. Itaque quae illo laboriosam ipsum est laboriosam voluptatum.', 739, 1, 1, 11, 27, TO_DATE('1995-12-28', 'YYYY-MM-DD'), 29, 0);
INSERT INTO Produit (idProduit, nomProduit, extensionImgProduit, prixProduit, prixBaseProduit, detailsProduit, quantiteStockProduit, vendreProduit, idRevendeur, idCategorie, delaiLivraisonProduit, dateRetractationProduit, garantieProduit, verifierProduit) VALUES (3, 'voluptatem', 'jpeg', 26758.86, 15315.4, 'Velit aspernatur incidunt incidunt dolore dolore ducimus. Aut ipsum rerum possimus tempora natus dicta. Eum beatae consequatur dolorem sed est ea.', 197, 1, 8, 8, 9, TO_DATE('1981-04-25', 'YYYY-MM-DD'), 11, 0);
INSERT INTO Produit (idProduit, nomProduit, extensionImgProduit, prixProduit, prixBaseProduit, detailsProduit, quantiteStockProduit, vendreProduit, idRevendeur, idCategorie, delaiLivraisonProduit, dateRetractationProduit, garantieProduit, verifierProduit) VALUES (4, 'dolor', 'jpeg', 30606.11, 9650.82, 'Qui vel aut ut modi. Laudantium blanditiis iure quia a. Ut dignissimos esse non eos in omnis deserunt voluptatum.', 976, 1, 7, 27, 12, TO_DATE('1998-06-22', 'YYYY-MM-DD'), 11, 1);
INSERT INTO Produit (idProduit, nomProduit, extensionImgProduit, prixProduit, prixBaseProduit, detailsProduit, quantiteStockProduit, vendreProduit, idRevendeur, idCategorie, delaiLivraisonProduit, dateRetractationProduit, garantieProduit, verifierProduit) VALUES (5, 'et', 'jpeg', 44518.06, 23545.91, 'Dignissimos quos molestiae sapiente natus et. Earum consequatur dolorem magnam adipisci ad asperiores dolores porro. Non assumenda eius molestiae non qui.', 450, 1, 8, 28, 14, TO_DATE('2010-10-02', 'YYYY-MM-DD'), 14, 0);
INSERT INTO Produit (idProduit, nomProduit, extensionImgProduit, prixProduit, prixBaseProduit, detailsProduit, quantiteStockProduit, vendreProduit, idRevendeur, idCategorie, delaiLivraisonProduit, dateRetractationProduit, garantieProduit, verifierProduit) VALUES (6, 'consectetur', 'jpg', 4346.43, 13349.07, 'Eaque quis ratione minus voluptatem vero commodi voluptatem. Ab aut non et sed est. Asperiores est animi ullam quis incidunt. Amet sint a deserunt excepturi.', 278, 1, 14, 4, 9, TO_DATE('1976-08-11', 'YYYY-MM-DD'), 17, 0);
INSERT INTO Produit (idProduit, nomProduit, extensionImgProduit, prixProduit, prixBaseProduit, detailsProduit, quantiteStockProduit, vendreProduit, idRevendeur, idCategorie, delaiLivraisonProduit, dateRetractationProduit, garantieProduit, verifierProduit) VALUES (7, 'cupiditate', 'jpg', 9608.62, 810.38, 'Dolorum molestiae labore molestiae qui et praesentium. Quasi molestias similique iste quae.', 23, 1, 7, 7, 16, TO_DATE('1994-06-28', 'YYYY-MM-DD'), 18, 1);
INSERT INTO Produit (idProduit, nomProduit, extensionImgProduit, prixProduit, prixBaseProduit, detailsProduit, quantiteStockProduit, vendreProduit, idRevendeur, idCategorie, delaiLivraisonProduit, dateRetractationProduit, garantieProduit, verifierProduit) VALUES (8, 'et', 'jpeg', 31216.23, 114.81, 'Maiores autem aperiam eum ut quos sunt. Ipsum ut earum non sed quod voluptas at. Consequatur explicabo libero ut rerum labore. Voluptatibus sint amet vitae laboriosam est aut.', 111, 1, 6, 26, 20, TO_DATE('2018-03-31', 'YYYY-MM-DD'), 24, 0);
INSERT INTO Produit (idProduit, nomProduit, extensionImgProduit, prixProduit, prixBaseProduit, detailsProduit, quantiteStockProduit, vendreProduit, idRevendeur, idCategorie, delaiLivraisonProduit, dateRetractationProduit, garantieProduit, verifierProduit) VALUES (9, 'ut', 'jpg', 9884, 3912.02, 'Eos enim voluptates dolor eligendi a. Qui modi mollitia repellendus delectus ad ex. Aut eum et incidunt fugit itaque et suscipit totam. Voluptate omnis consequatur qui dolore aut soluta quia.', 839, 0, 1, 21, 19, TO_DATE('2012-10-09', 'YYYY-MM-DD'), 18, 1);
INSERT INTO Produit (idProduit, nomProduit, extensionImgProduit, prixProduit, prixBaseProduit, detailsProduit, quantiteStockProduit, vendreProduit, idRevendeur, idCategorie, delaiLivraisonProduit, dateRetractationProduit, garantieProduit, verifierProduit) VALUES (10, 'sit', 'jpeg', 6589.62, 38157.54, 'Voluptatem reiciendis quidem nihil molestiae alias. Eaque dolores ut nihil magnam aspernatur earum. Eius natus recusandae sed accusamus totam numquam enim. Doloribus rerum quod expedita porro maxime.', 372, 1, 19, 19, 6, TO_DATE('1986-10-18', 'YYYY-MM-DD'), 6, 1);
INSERT INTO Produit (idProduit, nomProduit, extensionImgProduit, prixProduit, prixBaseProduit, detailsProduit, quantiteStockProduit, vendreProduit, idRevendeur, idCategorie, delaiLivraisonProduit, dateRetractationProduit, garantieProduit, verifierProduit) VALUES (11, 'nihil', 'jpg', 26336.34, 19837.13, 'Delectus rerum iste in distinctio. Officia est quo voluptatem voluptatem quia.', 564, 0, 2, 12, 4, TO_DATE('1976-06-05', 'YYYY-MM-DD'), 25, 1);
INSERT INTO Produit (idProduit, nomProduit, extensionImgProduit, prixProduit, prixBaseProduit, detailsProduit, quantiteStockProduit, vendreProduit, idRevendeur, idCategorie, delaiLivraisonProduit, dateRetractationProduit, garantieProduit, verifierProduit) VALUES (12, 'iure', 'jpeg', 473.69, 34916.27, 'Exercitationem esse voluptatem repudiandae. Ut est repudiandae totam officia. Commodi voluptatem aut facere nam inventore aut quia.', 728, 1, 5, 15, 10, TO_DATE('2008-12-30', 'YYYY-MM-DD'), 9, 1);
INSERT INTO Produit (idProduit, nomProduit, extensionImgProduit, prixProduit, prixBaseProduit, detailsProduit, quantiteStockProduit, vendreProduit, idRevendeur, idCategorie, delaiLivraisonProduit, dateRetractationProduit, garantieProduit, verifierProduit) VALUES (13, 'mollitia', 'jpg', 30503.76, 39011.16, 'Voluptatem voluptatem vel adipisci eos id vitae incidunt. Molestiae occaecati perferendis ut ipsum et nisi. Harum odit delectus provident saepe nihil totam. Et fugiat totam consequatur et incidunt.', 952, 1, 3, 23, 21, TO_DATE('1984-02-12', 'YYYY-MM-DD'), 30, 1);
INSERT INTO Produit (idProduit, nomProduit, extensionImgProduit, prixProduit, prixBaseProduit, detailsProduit, quantiteStockProduit, vendreProduit, idRevendeur, idCategorie, delaiLivraisonProduit, dateRetractationProduit, garantieProduit, verifierProduit) VALUES (14, 'quas', 'jpg', 29461.11, 29086.84, 'Veritatis atque sunt expedita velit. Voluptatem nam ea sit sunt quidem. Dolore sint qui dolore ut eos.', 299, 1, 9, 19, 11, TO_DATE('1992-02-19', 'YYYY-MM-DD'), 15, 0);
INSERT INTO Produit (idProduit, nomProduit, extensionImgProduit, prixProduit, prixBaseProduit, detailsProduit, quantiteStockProduit, vendreProduit, idRevendeur, idCategorie, delaiLivraisonProduit, dateRetractationProduit, garantieProduit, verifierProduit) VALUES (15, 'tempore', 'png', 4158.45, 2984.46, 'Qui ullam dicta aliquam illo aut aut fugiat laboriosam. Tempore est et est. Ut non illo ut aliquam voluptatem.', 687, 1, 7, 17, 29, TO_DATE('1998-04-13', 'YYYY-MM-DD'), 22, 0);
INSERT INTO Produit (idProduit, nomProduit, extensionImgProduit, prixProduit, prixBaseProduit, detailsProduit, quantiteStockProduit, vendreProduit, idRevendeur, idCategorie, delaiLivraisonProduit, dateRetractationProduit, garantieProduit, verifierProduit) VALUES (16, 'perferendis', 'jpeg', 15729.88, 17634.66, 'Eveniet laborum sunt cupiditate assumenda officia quos necessitatibus. Molestias nemo aspernatur non dolores perferendis ut voluptas. Magnam aut id omnis ratione. Commodi voluptatibus id quia enim.', 161, 0, 20, 10, 3, TO_DATE('1972-06-13', 'YYYY-MM-DD'), 29, 0);
INSERT INTO Produit (idProduit, nomProduit, extensionImgProduit, prixProduit, prixBaseProduit, detailsProduit, quantiteStockProduit, vendreProduit, idRevendeur, idCategorie, delaiLivraisonProduit, dateRetractationProduit, garantieProduit, verifierProduit) VALUES (17, 'laudantium', 'png', 41277.15, 14713.73, 'Odio minima maiores voluptatem quidem maiores. Eos incidunt quam dignissimos minus exercitationem eos omnis. Qui delectus veritatis ipsa sed perferendis et dolorem.', 599, 1, 15, 15, 3, TO_DATE('2011-11-15', 'YYYY-MM-DD'), 11, 1);
INSERT INTO Produit (idProduit, nomProduit, extensionImgProduit, prixProduit, prixBaseProduit, detailsProduit, quantiteStockProduit, vendreProduit, idRevendeur, idCategorie, delaiLivraisonProduit, dateRetractationProduit, garantieProduit, verifierProduit) VALUES (18, 'corporis', 'png', 10078.75, 22485.36, 'Vitae ad quis ut aut itaque sit. Et beatae cumque debitis aliquid libero voluptatum. Eum non ut nobis ex quo sed quia asperiores.', 241, 1, 18, 8, 5, TO_DATE('2004-04-11', 'YYYY-MM-DD'), 15, 0);
INSERT INTO Produit (idProduit, nomProduit, extensionImgProduit, prixProduit, prixBaseProduit, detailsProduit, quantiteStockProduit, vendreProduit, idRevendeur, idCategorie, delaiLivraisonProduit, dateRetractationProduit, garantieProduit, verifierProduit) VALUES (19, 'ut', 'png', 40449, 16542.65, 'Qui provident ad similique non ut aperiam aperiam. Ut mollitia et qui nulla omnis. Laudantium nihil voluptatem omnis in facilis non perferendis et. Eius voluptatum laboriosam est beatae.', 301, 1, 11, 1, 13, TO_DATE('1970-07-22', 'YYYY-MM-DD'), 30, 0);
INSERT INTO Produit (idProduit, nomProduit, extensionImgProduit, prixProduit, prixBaseProduit, detailsProduit, quantiteStockProduit, vendreProduit, idRevendeur, idCategorie, delaiLivraisonProduit, dateRetractationProduit, garantieProduit, verifierProduit) VALUES (20, 'dolor', 'jpeg', 27359.9, 48869.64, 'Enim incidunt ullam et quia numquam dolores nobis. Qui sed voluptatem nihil qui magni. Rem et explicabo et dolor quidem.', 511, 0, 6, 16, 29, TO_DATE('1984-10-30', 'YYYY-MM-DD'), 32, 1);
INSERT INTO Produit (idProduit, nomProduit, extensionImgProduit, prixProduit, prixBaseProduit, detailsProduit, quantiteStockProduit, vendreProduit, idRevendeur, idCategorie, delaiLivraisonProduit, dateRetractationProduit, garantieProduit, verifierProduit) VALUES (21, 'voluptatum', 'jpg', 39408.06, 14923.29, 'Molestiae voluptate eos accusantium officia. Laborum beatae reprehenderit similique. Architecto ut facilis vel et sapiente. Et ea incidunt quas velit qui esse libero.', 42, 1, 9, 29, 19, TO_DATE('1999-09-10', 'YYYY-MM-DD'), 11, 1);
INSERT INTO Produit (idProduit, nomProduit, extensionImgProduit, prixProduit, prixBaseProduit, detailsProduit, quantiteStockProduit, vendreProduit, idRevendeur, idCategorie, delaiLivraisonProduit, dateRetractationProduit, garantieProduit, verifierProduit) VALUES (22, 'quod', 'jpg', 27591.76, 7407.53, 'Debitis dolorem est voluptates autem enim eveniet sit. Dicta ad quisquam ullam iusto dolor ut dolorem. Rerum eaque aut et ut accusantium. Voluptatem cupiditate reprehenderit et.', 285, 1, 17, 7, 8, TO_DATE('2016-07-20', 'YYYY-MM-DD'), 36, 0);
INSERT INTO Produit (idProduit, nomProduit, extensionImgProduit, prixProduit, prixBaseProduit, detailsProduit, quantiteStockProduit, vendreProduit, idRevendeur, idCategorie, delaiLivraisonProduit, dateRetractationProduit, garantieProduit, verifierProduit) VALUES (23, 'modi', 'jpg', 13250.15, 26465.39, 'Dolore qui laboriosam quod qui tempore dicta aspernatur. Atque laudantium nobis consectetur neque voluptatibus. Accusamus sit necessitatibus earum facere voluptatem nobis.', 385, 0, 10, 20, 20, TO_DATE('1994-10-28', 'YYYY-MM-DD'), 34, 1);
INSERT INTO Produit (idProduit, nomProduit, extensionImgProduit, prixProduit, prixBaseProduit, detailsProduit, quantiteStockProduit, vendreProduit, idRevendeur, idCategorie, delaiLivraisonProduit, dateRetractationProduit, garantieProduit, verifierProduit) VALUES (24, 'amet', 'png', 16201.74, 38094.56, 'Provident qui voluptas sunt occaecati. Et eius autem dolorem velit et deserunt omnis. Enim officiis fugit a.', 740, 0, 4, 4, 8, TO_DATE('2011-12-28', 'YYYY-MM-DD'), 26, 1);
INSERT INTO Produit (idProduit, nomProduit, extensionImgProduit, prixProduit, prixBaseProduit, detailsProduit, quantiteStockProduit, vendreProduit, idRevendeur, idCategorie, delaiLivraisonProduit, dateRetractationProduit, garantieProduit, verifierProduit) VALUES (25, 'quia', 'png', 18980.83, 42867.2, 'Ad ut autem et rem delectus voluptate. Rem amet veritatis rerum quia optio a odio. Praesentium culpa quidem quaerat distinctio aut in. Odit cumque ut officia provident quis doloribus ad.', 876, 0, 16, 6, 27, TO_DATE('2019-06-20', 'YYYY-MM-DD'), 7, 0);
INSERT INTO Produit (idProduit, nomProduit, extensionImgProduit, prixProduit, prixBaseProduit, detailsProduit, quantiteStockProduit, vendreProduit, idRevendeur, idCategorie, delaiLivraisonProduit, dateRetractationProduit, garantieProduit, verifierProduit) VALUES (26, 'rerum', 'jpg', 36345.18, 26.49, 'Aut ea aut iste inventore et animi exercitationem. Quia deleniti quia laborum doloribus a. Et similique harum quisquam consequatur numquam.', 697, 1, 13, 13, 29, TO_DATE('1984-11-23', 'YYYY-MM-DD'), 9, 1);
INSERT INTO Produit (idProduit, nomProduit, extensionImgProduit, prixProduit, prixBaseProduit, detailsProduit, quantiteStockProduit, vendreProduit, idRevendeur, idCategorie, delaiLivraisonProduit, dateRetractationProduit, garantieProduit, verifierProduit) VALUES (27, 'ex', 'jpg', 35373.34, 10042.63, 'Et dolorum odit est incidunt eaque sed. Sequi doloremque nostrum magni enim id. Quis id cumque optio reprehenderit quia inventore facilis. Reiciendis vitae illo quo omnis harum sit ut maiores.', 285, 1, 18, 18, 23, TO_DATE('2000-09-23', 'YYYY-MM-DD'), 36, 0);
INSERT INTO Produit (idProduit, nomProduit, extensionImgProduit, prixProduit, prixBaseProduit, detailsProduit, quantiteStockProduit, vendreProduit, idRevendeur, idCategorie, delaiLivraisonProduit, dateRetractationProduit, garantieProduit, verifierProduit) VALUES (28, 'ut', 'jpg', 25101.42, 19824.99, 'At quia mollitia sit quis velit odio est aliquam. Beatae deleniti ea sapiente illo. Ipsa commodi dolorem voluptate beatae. Impedit nesciunt modi sunt vitae.', 203, 1, 4, 24, 7, TO_DATE('1982-12-07', 'YYYY-MM-DD'), 25, 0);
INSERT INTO Produit (idProduit, nomProduit, extensionImgProduit, prixProduit, prixBaseProduit, detailsProduit, quantiteStockProduit, vendreProduit, idRevendeur, idCategorie, delaiLivraisonProduit, dateRetractationProduit, garantieProduit, verifierProduit) VALUES (29, 'quis', 'jpeg', 48638.43, 28690.17, 'Provident non in nihil iusto. Nobis nemo sed dolorem possimus et. Quisquam magni eum quidem iure autem. Molestiae perspiciatis optio sunt temporibus praesentium repudiandae quia nisi.', 816, 1, 15, 5, 11, TO_DATE('1977-08-29', 'YYYY-MM-DD'), 26, 0);
INSERT INTO Produit (idProduit, nomProduit, extensionImgProduit, prixProduit, prixBaseProduit, detailsProduit, quantiteStockProduit, vendreProduit, idRevendeur, idCategorie, delaiLivraisonProduit, dateRetractationProduit, garantieProduit, verifierProduit) VALUES (30, 'non', 'jpeg', 47803.02, 27356.53, 'Quia voluptatem qui ullam nesciunt laboriosam. Et odit nulla illum suscipit quo. Hic expedita vero aut qui ex.', 979, 1, 2, 2, 14, TO_DATE('1989-08-14', 'YYYY-MM-DD'), 6, 1);
INSERT INTO Produit (idProduit, nomProduit, extensionImgProduit, prixProduit, prixBaseProduit, detailsProduit, quantiteStockProduit, vendreProduit, idRevendeur, idCategorie, delaiLivraisonProduit, dateRetractationProduit, garantieProduit, verifierProduit) VALUES (31, 'quis', 'jpeg', 44954.91, 45399.11, 'Deserunt et fugiat placeat et. Cum illum quia quasi numquam praesentium provident. Provident non ut perspiciatis saepe quis iusto tempora. Id ipsa dolorum aut.', 667, 0, 3, 13, 22, TO_DATE('2011-02-03', 'YYYY-MM-DD'), 19, 0);
INSERT INTO Produit (idProduit, nomProduit, extensionImgProduit, prixProduit, prixBaseProduit, detailsProduit, quantiteStockProduit, vendreProduit, idRevendeur, idCategorie, delaiLivraisonProduit, dateRetractationProduit, garantieProduit, verifierProduit) VALUES (32, 'laborum', 'jpg', 34074.84, 6313.17, 'Quam minima aut reiciendis voluptatibus harum. Suscipit culpa at quidem facilis architecto eum iure maxime. Aut provident libero placeat aut sunt. Molestias vel et repellat sed dolor quasi quidem.', 922, 1, 14, 14, 21, TO_DATE('2022-10-02', 'YYYY-MM-DD'), 2, 0);
INSERT INTO Produit (idProduit, nomProduit, extensionImgProduit, prixProduit, prixBaseProduit, detailsProduit, quantiteStockProduit, vendreProduit, idRevendeur, idCategorie, delaiLivraisonProduit, dateRetractationProduit, garantieProduit, verifierProduit) VALUES (33, 'culpa', 'jpeg', 31835.5, 22416.14, 'Quaerat dicta inventore facere totam. Atque molestiae aut rerum mollitia debitis ut.', 120, 1, 12, 2, 16, TO_DATE('2015-03-21', 'YYYY-MM-DD'), 35, 1);
INSERT INTO Produit (idProduit, nomProduit, extensionImgProduit, prixProduit, prixBaseProduit, detailsProduit, quantiteStockProduit, vendreProduit, idRevendeur, idCategorie, delaiLivraisonProduit, dateRetractationProduit, garantieProduit, verifierProduit) VALUES (34, 'qui', 'png', 4770.07, 1371.8, 'Et ea aut aliquam. Dolor quo laudantium autem quaerat totam. Ipsam et reprehenderit vero et et.\nAut voluptates velit tempora ab. Temporibus sit ea cumque cumque. Deleniti natus eos sit placeat.', 120, 1, 13, 3, 17, TO_DATE('2020-02-01', 'YYYY-MM-DD'), 24, 1);
INSERT INTO Produit (idProduit, nomProduit, extensionImgProduit, prixProduit, prixBaseProduit, detailsProduit, quantiteStockProduit, vendreProduit, idRevendeur, idCategorie, delaiLivraisonProduit, dateRetractationProduit, garantieProduit, verifierProduit) VALUES (35, 'sint', 'jpeg', 1317.47, 30576.63, 'Et dolores iusto voluptas aperiam est. Qui doloremque dicta veniam est. Natus voluptates ad harum quo. Placeat totam itaque voluptas ipsam.', 618, 1, 10, 29, 28, TO_DATE('2020-07-09', 'YYYY-MM-DD'), 32, 0);
INSERT INTO Produit (idProduit, nomProduit, extensionImgProduit, prixProduit, prixBaseProduit, detailsProduit, quantiteStockProduit, vendreProduit, idRevendeur, idCategorie, delaiLivraisonProduit, dateRetractationProduit, garantieProduit, verifierProduit) VALUES (36, 'rerum', 'jpg', 28460.25, 4006.45, 'Unde perspiciatis adipisci itaque natus. Porro dolor et eos omnis aspernatur magnam. Error ipsum numquam est officiis molestias ut. Sit dolores perspiciatis quis reprehenderit.', 392, 1, 8, 18, 4, TO_DATE('2001-12-18', 'YYYY-MM-DD'), 17, 0);
INSERT INTO Produit (idProduit, nomProduit, extensionImgProduit, prixProduit, prixBaseProduit, detailsProduit, quantiteStockProduit, vendreProduit, idRevendeur, idCategorie, delaiLivraisonProduit, dateRetractationProduit, garantieProduit, verifierProduit) VALUES (37, 'possimus', 'jpg', 4632.55, 24799.84, 'Et quo rerum numquam. Cupiditate et est explicabo et commodi omnis id est. Aliquid illo nam autem recusandae facere impedit laboriosam.', 736, 1, 19, 9, 24, TO_DATE('1983-08-27', 'YYYY-MM-DD'), 1, 0);
INSERT INTO Produit (idProduit, nomProduit, extensionImgProduit, prixProduit, prixBaseProduit, detailsProduit, quantiteStockProduit, vendreProduit, idRevendeur, idCategorie, delaiLivraisonProduit, dateRetractationProduit, garantieProduit, verifierProduit) VALUES (38, 'tenetur', 'jpeg', 30865.87, 48786.92, 'Ut ut natus accusamus quis consequuntur mollitia. Nostrum in vel non. Nesciunt suscipit consequatur aut culpa rerum consequatur soluta.', 652, 1, 3, 3, 16, TO_DATE('1991-05-12', 'YYYY-MM-DD'), 4, 1);
INSERT INTO Produit (idProduit, nomProduit, extensionImgProduit, prixProduit, prixBaseProduit, detailsProduit, quantiteStockProduit, vendreProduit, idRevendeur, idCategorie, delaiLivraisonProduit, dateRetractationProduit, garantieProduit, verifierProduit) VALUES (39, 'unde', 'jpeg', 9909.54, 29851.18, 'Nobis perferendis nemo iure inventore aspernatur sit. Alias facilis aut expedita. Omnis dolores repellat odit soluta fugit exercitationem ut.', 730, 0, 5, 25, 10, TO_DATE('2018-02-23', 'YYYY-MM-DD'), 26, 0);
INSERT INTO Produit (idProduit, nomProduit, extensionImgProduit, prixProduit, prixBaseProduit, detailsProduit, quantiteStockProduit, vendreProduit, idRevendeur, idCategorie, delaiLivraisonProduit, dateRetractationProduit, garantieProduit, verifierProduit) VALUES (40, 'perspiciatis', 'png', 47429.06, 4157.35, 'Laudantium totam itaque cupiditate sint nam error. Voluptates itaque odio qui doloribus odit adipisci est. Quo placeat nihil voluptas.', 960, 1, 11, 11, 25, TO_DATE('2002-04-21', 'YYYY-MM-DD'), 20, 1);
INSERT INTO Produit (idProduit, nomProduit, extensionImgProduit, prixProduit, prixBaseProduit, detailsProduit, quantiteStockProduit, vendreProduit, idRevendeur, idCategorie, delaiLivraisonProduit, dateRetractationProduit, garantieProduit, verifierProduit) VALUES (41, 'perferendis', 'jpeg', 30331.42, 38631.56, 'Doloremque dolores harum dignissimos incidunt rem eius voluptatem qui. Velit voluptas animi neque atque maiores dolor quidem et. Adipisci deserunt ea nihil.', 443, 0, 17, 17, 19, TO_DATE('2001-11-15', 'YYYY-MM-DD'), 4, 1);
INSERT INTO Produit (idProduit, nomProduit, extensionImgProduit, prixProduit, prixBaseProduit, detailsProduit, quantiteStockProduit, vendreProduit, idRevendeur, idCategorie, delaiLivraisonProduit, dateRetractationProduit, garantieProduit, verifierProduit) VALUES (42, 'quo', 'jpg', 31913.53, 1706.86, 'Pariatur repellendus quia veritatis facilis aut quasi. Sint alias sunt quasi id sequi est atque id. Aut saepe doloribus fugiat amet eligendi. Non et laudantium iste iure.', 415, 1, 16, 16, 9, TO_DATE('1996-05-17', 'YYYY-MM-DD'), 34, 1);
INSERT INTO Produit (idProduit, nomProduit, extensionImgProduit, prixProduit, prixBaseProduit, detailsProduit, quantiteStockProduit, vendreProduit, idRevendeur, idCategorie, delaiLivraisonProduit, dateRetractationProduit, garantieProduit, verifierProduit) VALUES (43, 'qui', 'png', 19156.86, 37485.18, 'Sequi enim earum ducimus sit et. Explicabo quia sunt et quidem dicta. Quas voluptas at consequuntur esse. Deleniti similique sed ad vel.', 190, 1, 2, 22, 7, TO_DATE('1972-04-30', 'YYYY-MM-DD'), 25, 0);
INSERT INTO Produit (idProduit, nomProduit, extensionImgProduit, prixProduit, prixBaseProduit, detailsProduit, quantiteStockProduit, vendreProduit, idRevendeur, idCategorie, delaiLivraisonProduit, dateRetractationProduit, garantieProduit, verifierProduit) VALUES (44, 'neque', 'jpg', 8764.04, 29502.28, 'Blanditiis nesciunt illo aliquid sit est rerum minima. Tempore dolor quo deleniti enim cupiditate adipisci. Fugiat in facilis aut omnis. Eos reprehenderit voluptate sequi est earum accusantium ut.', 613, 1, 12, 12, 30, TO_DATE('2022-08-25', 'YYYY-MM-DD'), 29, 0);
INSERT INTO Produit (idProduit, nomProduit, extensionImgProduit, prixProduit, prixBaseProduit, detailsProduit, quantiteStockProduit, vendreProduit, idRevendeur, idCategorie, delaiLivraisonProduit, dateRetractationProduit, garantieProduit, verifierProduit) VALUES (45, 'dicta', 'png', 38061.31, 410.63, 'Fugit quod optio eum aut voluptas molestias adipisci. Inventore in vel et omnis unde. Doloremque et officiis voluptatem natus necessitatibus voluptatem.', 434, 1, 9, 9, 22, TO_DATE('1996-04-28', 'YYYY-MM-DD'), 4, 1);
INSERT INTO Produit (idProduit, nomProduit, extensionImgProduit, prixProduit, prixBaseProduit, detailsProduit, quantiteStockProduit, vendreProduit, idRevendeur, idCategorie, delaiLivraisonProduit, dateRetractationProduit, garantieProduit, verifierProduit) VALUES (46, 'ratione', 'png', 7603.47, 23981.48, 'Fugiat veniam voluptate nobis et corporis. Hic consequuntur odit officiis temporibus sed dolorem. Sint illo fugit consequatur veniam quas minus. Voluptatibus omnis quos ducimus culpa ut.', 427, 1, 20, 20, 23, TO_DATE('1989-06-05', 'YYYY-MM-DD'), 9, 0);
INSERT INTO Produit (idProduit, nomProduit, extensionImgProduit, prixProduit, prixBaseProduit, detailsProduit, quantiteStockProduit, vendreProduit, idRevendeur, idCategorie, delaiLivraisonProduit, dateRetractationProduit, garantieProduit, verifierProduit) VALUES (47, 'nihil', 'png', 49349.39, 2505.01, 'Aut nemo nihil est molestiae dolor adipisci. Aut consectetur et aut temporibus et earum. Sunt voluptatem est temporibus maiores. Aut magni illo molestias. Ea et dolores nesciunt.', 76, 1, 4, 14, 6, TO_DATE('1978-03-08', 'YYYY-MM-DD'), 10, 1);
INSERT INTO Produit (idProduit, nomProduit, extensionImgProduit, prixProduit, prixBaseProduit, detailsProduit, quantiteStockProduit, vendreProduit, idRevendeur, idCategorie, delaiLivraisonProduit, dateRetractationProduit, garantieProduit, verifierProduit) VALUES (48, 'ut', 'png', 47548.22, 15146.16, 'Qui quibusdam non sit veritatis est enim. Veritatis voluptatem voluptatem nemo officia quam accusamus. Repudiandae est reiciendis assumenda enim occaecati nihil.', 294, 1, 6, 6, 6, TO_DATE('1988-07-13', 'YYYY-MM-DD'), 15, 1);
INSERT INTO Produit (idProduit, nomProduit, extensionImgProduit, prixProduit, prixBaseProduit, detailsProduit, quantiteStockProduit, vendreProduit, idRevendeur, idCategorie, delaiLivraisonProduit, dateRetractationProduit, garantieProduit, verifierProduit) VALUES (49, 'pariatur', 'jpg', 1941.73, 25383.75, 'Dolorem voluptatem labore blanditiis corporis ullam labore. Aut natus quia aspernatur. Consectetur aliquid ut ut omnis cupiditate labore quo. Cupiditate quibusdam ab et ut quis quibusdam.', 15, 1, 1, 1, 15, TO_DATE('1990-02-17', 'YYYY-MM-DD'), 29, 1);
INSERT INTO Produit (idProduit, nomProduit, extensionImgProduit, prixProduit, prixBaseProduit, detailsProduit, quantiteStockProduit, vendreProduit, idRevendeur, idCategorie, delaiLivraisonProduit, dateRetractationProduit, garantieProduit, verifierProduit) VALUES (50, 'vel', 'jpeg', 7857.67, 45595.38, 'Ut tempora architecto unde perspiciatis sint provident ut. Rerum atque maxime blanditiis quasi quisquam voluptates. A voluptatum tempora ut sequi aut placeat aut.', 179, 1, 5, 5, 25, TO_DATE('1995-07-20', 'YYYY-MM-DD'), 36, 0);

UPDATE Produit
SET prixBaseProduit = prixProduit,
prixProduit = prixBaseProduit
WHERE Produit.prixProduit > Produit.prixBaseProduit;


-- Choix (à compléter)
INSERT INTO Choix (idChoix, libelleChoix, tauxChoix) VALUES (1, '64 Go', 1.1);
INSERT INTO Choix (idChoix, libelleChoix, tauxChoix) VALUES (2, 'Parfait état', 1.23);
INSERT INTO Choix (idChoix, libelleChoix, tauxChoix) VALUES (3, 'Rouge', 1.1);
INSERT INTO Choix (idChoix, libelleChoix, tauxChoix) VALUES (4, 'Etat correcte', 1.29);
INSERT INTO Choix (idChoix, libelleChoix, tauxChoix) VALUES (5, 'Très bon état', 1.03);
INSERT INTO Choix (idChoix, libelleChoix, tauxChoix) VALUES (6, '128 Go', 1.23);
INSERT INTO Choix (idChoix, libelleChoix, tauxChoix) VALUES (7, '256 Go', 1.13);
INSERT INTO Choix (idChoix, libelleChoix, tauxChoix) VALUES (8, 'Jaune', 1.05);
INSERT INTO Choix (idChoix, libelleChoix, tauxChoix) VALUES (9, 'Vert', 1.35);
INSERT INTO Choix (idChoix, libelleChoix, tauxChoix) VALUES (10, 'Orange', 1.47);
INSERT INTO Choix (idChoix, libelleChoix, tauxChoix) VALUES (11, 'Noir', 1.42);
INSERT INTO Choix (idChoix, libelleChoix, tauxChoix) VALUES (12, 'Mauve', 1.21);


-- Caracteristiques (temporaires)
INSERT INTO Caracteristique (idCaracteristique, libelleCaracteristique) VALUES (15, 'saepe');
INSERT INTO Caracteristique (idCaracteristique, libelleCaracteristique) VALUES (7, 'culpa');
INSERT INTO Caracteristique (idCaracteristique, libelleCaracteristique) VALUES (18, 'minus');
INSERT INTO Caracteristique (idCaracteristique, libelleCaracteristique) VALUES (10, 'ratione');
INSERT INTO Caracteristique (idCaracteristique, libelleCaracteristique) VALUES (25, 'quae');
INSERT INTO Caracteristique (idCaracteristique, libelleCaracteristique) VALUES (9, 'tempore');
INSERT INTO Caracteristique (idCaracteristique, libelleCaracteristique) VALUES (1, 'ducimus');
INSERT INTO Caracteristique (idCaracteristique, libelleCaracteristique) VALUES (2, 'dolorem');
INSERT INTO Caracteristique (idCaracteristique, libelleCaracteristique) VALUES (14, 'et');
INSERT INTO Caracteristique (idCaracteristique, libelleCaracteristique) VALUES (24, 'molestiae');
INSERT INTO Caracteristique (idCaracteristique, libelleCaracteristique) VALUES (20, 'vitae');
INSERT INTO Caracteristique (idCaracteristique, libelleCaracteristique) VALUES (17, 'unde');
INSERT INTO Caracteristique (idCaracteristique, libelleCaracteristique) VALUES (11, 'error');
INSERT INTO Caracteristique (idCaracteristique, libelleCaracteristique) VALUES (19, 'ut');
INSERT INTO Caracteristique (idCaracteristique, libelleCaracteristique) VALUES (22, 'dicta');
INSERT INTO Caracteristique (idCaracteristique, libelleCaracteristique) VALUES (13, 'beatae');
INSERT INTO Caracteristique (idCaracteristique, libelleCaracteristique) VALUES (8, 'voluptatem');
INSERT INTO Caracteristique (idCaracteristique, libelleCaracteristique) VALUES (12, 'eius');
INSERT INTO Caracteristique (idCaracteristique, libelleCaracteristique) VALUES (16, 'aut');
INSERT INTO Caracteristique (idCaracteristique, libelleCaracteristique) VALUES (5, 'debitis');
INSERT INTO Caracteristique (idCaracteristique, libelleCaracteristique) VALUES (6, 'nemo');
INSERT INTO Caracteristique (idCaracteristique, libelleCaracteristique) VALUES (23, 'exercitationem');
INSERT INTO Caracteristique (idCaracteristique, libelleCaracteristique) VALUES (21, 'qui');
INSERT INTO Caracteristique (idCaracteristique, libelleCaracteristique) VALUES (3, 'eum');
INSERT INTO Caracteristique (idCaracteristique, libelleCaracteristique) VALUES (4, 'id');


-- Paniers
INSERT INTO Panier (idPanier, idClient) VALUES (39, 1);
INSERT INTO Panier (idPanier, idClient) VALUES (13, 2);
INSERT INTO Panier (idPanier, idClient) VALUES (43, 3);
INSERT INTO Panier (idPanier, idClient) VALUES (7, 4);
INSERT INTO Panier (idPanier, idClient) VALUES (29, 5);
INSERT INTO Panier (idPanier, idClient) VALUES (3, 6);
INSERT INTO Panier (idPanier, idClient) VALUES (45, 7);
INSERT INTO Panier (idPanier, idClient) VALUES (47, 8);
INSERT INTO Panier (idPanier, idClient) VALUES (42, 9);
INSERT INTO Panier (idPanier, idClient) VALUES (31, 10);
INSERT INTO Panier (idPanier, idClient) VALUES (50, 11);
INSERT INTO Panier (idPanier, idClient) VALUES (14, 12);
INSERT INTO Panier (idPanier, idClient) VALUES (46, 13);
INSERT INTO Panier (idPanier, idClient) VALUES (24, 14);
INSERT INTO Panier (idPanier, idClient) VALUES (32, 15);
INSERT INTO Panier (idPanier, idClient) VALUES (2, 16);
INSERT INTO Panier (idPanier, idClient) VALUES (22, 17);
INSERT INTO Panier (idPanier, idClient) VALUES (49, 18);
INSERT INTO Panier (idPanier, idClient) VALUES (44, 19);
INSERT INTO Panier (idPanier, idClient) VALUES (18, 20);
INSERT INTO Panier (idPanier, idClient) VALUES (10, 21);
INSERT INTO Panier (idPanier, idClient) VALUES (41, 22);
INSERT INTO Panier (idPanier, idClient) VALUES (11, 23);
INSERT INTO Panier (idPanier, idClient) VALUES (15, 24);
INSERT INTO Panier (idPanier, idClient) VALUES (48, 25);
INSERT INTO Panier (idPanier, idClient) VALUES (34, 26);
INSERT INTO Panier (idPanier, idClient) VALUES (1, 27);
INSERT INTO Panier (idPanier, idClient) VALUES (25, 28);
INSERT INTO Panier (idPanier, idClient) VALUES (4, 29);
INSERT INTO Panier (idPanier, idClient) VALUES (6, 30);
INSERT INTO Panier (idPanier, idClient) VALUES (28, 31);
INSERT INTO Panier (idPanier, idClient) VALUES (19, 32);
INSERT INTO Panier (idPanier, idClient) VALUES (26, 33);
INSERT INTO Panier (idPanier, idClient) VALUES (33, 34);
INSERT INTO Panier (idPanier, idClient) VALUES (30, 35);
INSERT INTO Panier (idPanier, idClient) VALUES (9, 36);
INSERT INTO Panier (idPanier, idClient) VALUES (38, 37);
INSERT INTO Panier (idPanier, idClient) VALUES (5, 38);
INSERT INTO Panier (idPanier, idClient) VALUES (17, 39);
INSERT INTO Panier (idPanier, idClient) VALUES (8, 40);
INSERT INTO Panier (idPanier, idClient) VALUES (40, 41);
INSERT INTO Panier (idPanier, idClient) VALUES (21, 42);
INSERT INTO Panier (idPanier, idClient) VALUES (16, 43);
INSERT INTO Panier (idPanier, idClient) VALUES (35, 44);
INSERT INTO Panier (idPanier, idClient) VALUES (12, 45);
INSERT INTO Panier (idPanier, idClient) VALUES (23, 46);
INSERT INTO Panier (idPanier, idClient) VALUES (20, 47);
INSERT INTO Panier (idPanier, idClient) VALUES (36, 48);
INSERT INTO Panier (idPanier, idClient) VALUES (27, 49);
INSERT INTO Panier (idPanier, idClient) VALUES (37, 50);


-- Commandes
INSERT INTO Commande (idCommande, prixCommande, dateCommande, idClient) VALUES (1, 27192.15, TO_DATE('1993-05-10 23:52:20', 'YYYY-MM-DD HH24:MI:SS'), 33);
INSERT INTO Commande (idCommande, prixCommande, dateCommande, idClient) VALUES (2, 709671.94, TO_DATE('1996-10-11 20:15:04', 'YYYY-MM-DD HH24:MI:SS'), 41);
INSERT INTO Commande (idCommande, prixCommande, dateCommande, idClient) VALUES (3, 572361.63, TO_DATE('2005-03-11 00:37:28', 'YYYY-MM-DD HH24:MI:SS'), 49);
INSERT INTO Commande (idCommande, prixCommande, dateCommande, idClient) VALUES (4, 209296.23, TO_DATE('1983-02-21 06:34:35', 'YYYY-MM-DD HH24:MI:SS'), 35);
INSERT INTO Commande (idCommande, prixCommande, dateCommande, idClient) VALUES (5, 257632.74, TO_DATE('2007-10-09 16:59:12', 'YYYY-MM-DD HH24:MI:SS'), 1);
INSERT INTO Commande (idCommande, prixCommande, dateCommande, idClient) VALUES (6, 998765.87, TO_DATE('2018-02-23 17:06:42', 'YYYY-MM-DD HH24:MI:SS'), 27);
INSERT INTO Commande (idCommande, prixCommande, dateCommande, idClient) VALUES (7, 596029.62, TO_DATE('2009-10-15 22:45:11', 'YYYY-MM-DD HH24:MI:SS'), 3);
INSERT INTO Commande (idCommande, prixCommande, dateCommande, idClient) VALUES (8, 652814.48, TO_DATE('1985-03-23 12:43:34', 'YYYY-MM-DD HH24:MI:SS'), 28);
INSERT INTO Commande (idCommande, prixCommande, dateCommande, idClient) VALUES (9, 290642.34, TO_DATE('1981-11-10 17:50:30', 'YYYY-MM-DD HH24:MI:SS'), 29);
INSERT INTO Commande (idCommande, prixCommande, dateCommande, idClient) VALUES (10, 716829.02, TO_DATE('2009-01-23 20:21:28', 'YYYY-MM-DD HH24:MI:SS'), 11);
INSERT INTO Commande (idCommande, prixCommande, dateCommande, idClient) VALUES (11, 168344.93, TO_DATE('1991-08-14 04:03:25', 'YYYY-MM-DD HH24:MI:SS'), 50);
INSERT INTO Commande (idCommande, prixCommande, dateCommande, idClient) VALUES (12, 603550.83, TO_DATE('1987-04-17 12:53:27', 'YYYY-MM-DD HH24:MI:SS'), 44);
INSERT INTO Commande (idCommande, prixCommande, dateCommande, idClient) VALUES (13, 530758.54, TO_DATE('2020-06-08 02:17:38', 'YYYY-MM-DD HH24:MI:SS'), 25);
INSERT INTO Commande (idCommande, prixCommande, dateCommande, idClient) VALUES (14, 53303.6, TO_DATE('1980-02-08 23:45:04', 'YYYY-MM-DD HH24:MI:SS'), 40);
INSERT INTO Commande (idCommande, prixCommande, dateCommande, idClient) VALUES (15, 620914.9, TO_DATE('2003-04-01 20:43:34', 'YYYY-MM-DD HH24:MI:SS'), 9);
INSERT INTO Commande (idCommande, prixCommande, dateCommande, idClient) VALUES (16, 690609.11, TO_DATE('2013-12-10 03:08:53', 'YYYY-MM-DD HH24:MI:SS'), 8);
INSERT INTO Commande (idCommande, prixCommande, dateCommande, idClient) VALUES (17, 225225.83, TO_DATE('1970-07-27 14:17:13', 'YYYY-MM-DD HH24:MI:SS'), 21);
INSERT INTO Commande (idCommande, prixCommande, dateCommande, idClient) VALUES (18, 538003.16, TO_DATE('1970-06-23 14:23:36', 'YYYY-MM-DD HH24:MI:SS'), 9);
INSERT INTO Commande (idCommande, prixCommande, dateCommande, idClient) VALUES (19, 695269.61, TO_DATE('1982-11-17 15:14:50', 'YYYY-MM-DD HH24:MI:SS'), 42);
INSERT INTO Commande (idCommande, prixCommande, dateCommande, idClient) VALUES (20, 252501.66, TO_DATE('1975-01-15 00:09:05', 'YYYY-MM-DD HH24:MI:SS'), 5);
INSERT INTO Commande (idCommande, prixCommande, dateCommande, idClient) VALUES (21, 181182.7, TO_DATE('2019-10-20 07:08:47', 'YYYY-MM-DD HH24:MI:SS'), 22);
INSERT INTO Commande (idCommande, prixCommande, dateCommande, idClient) VALUES (22, 193660.51, TO_DATE('1981-06-11 21:10:32', 'YYYY-MM-DD HH24:MI:SS'), 39);
INSERT INTO Commande (idCommande, prixCommande, dateCommande, idClient) VALUES (23, 73858.87, TO_DATE('2016-06-04 02:57:21', 'YYYY-MM-DD HH24:MI:SS'), 42);
INSERT INTO Commande (idCommande, prixCommande, dateCommande, idClient) VALUES (24, 628502.66, TO_DATE('2004-06-15 13:00:26', 'YYYY-MM-DD HH24:MI:SS'), 13);
INSERT INTO Commande (idCommande, prixCommande, dateCommande, idClient) VALUES (25, 226966.22, TO_DATE('2022-10-05 07:00:40', 'YYYY-MM-DD HH24:MI:SS'), 25);
INSERT INTO Commande (idCommande, prixCommande, dateCommande, idClient) VALUES (26, 585050.46, TO_DATE('1980-05-25 04:47:33', 'YYYY-MM-DD HH24:MI:SS'), 40);
INSERT INTO Commande (idCommande, prixCommande, dateCommande, idClient) VALUES (27, 557042.64, TO_DATE('1991-07-14 18:40:32', 'YYYY-MM-DD HH24:MI:SS'), 23);
INSERT INTO Commande (idCommande, prixCommande, dateCommande, idClient) VALUES (28, 193730.25, TO_DATE('1989-07-26 16:37:46', 'YYYY-MM-DD HH24:MI:SS'), 20);
INSERT INTO Commande (idCommande, prixCommande, dateCommande, idClient) VALUES (29, 277754.86, TO_DATE('1972-02-11 15:47:17', 'YYYY-MM-DD HH24:MI:SS'), 33);
INSERT INTO Commande (idCommande, prixCommande, dateCommande, idClient) VALUES (30, 680699.46, TO_DATE('2008-07-18 03:15:56', 'YYYY-MM-DD HH24:MI:SS'), 29);
INSERT INTO Commande (idCommande, prixCommande, dateCommande, idClient) VALUES (31, 113466.39, TO_DATE('2021-05-18 17:11:16', 'YYYY-MM-DD HH24:MI:SS'), 35);
INSERT INTO Commande (idCommande, prixCommande, dateCommande, idClient) VALUES (32, 88141.97, TO_DATE('1981-02-12 18:03:43', 'YYYY-MM-DD HH24:MI:SS'), 49);
INSERT INTO Commande (idCommande, prixCommande, dateCommande, idClient) VALUES (33, 301231.3, TO_DATE('1994-05-03 01:15:37', 'YYYY-MM-DD HH24:MI:SS'), 10);
INSERT INTO Commande (idCommande, prixCommande, dateCommande, idClient) VALUES (34, 65165.36, TO_DATE('1994-12-03 18:48:11', 'YYYY-MM-DD HH24:MI:SS'), 37);
INSERT INTO Commande (idCommande, prixCommande, dateCommande, idClient) VALUES (35, 619937.61, TO_DATE('2001-12-22 00:51:03', 'YYYY-MM-DD HH24:MI:SS'), 19);
INSERT INTO Commande (idCommande, prixCommande, dateCommande, idClient) VALUES (36, 182318.05, TO_DATE('1983-06-29 03:24:38', 'YYYY-MM-DD HH24:MI:SS'), 18);
INSERT INTO Commande (idCommande, prixCommande, dateCommande, idClient) VALUES (37, 509851.83, TO_DATE('2007-10-14 10:50:11', 'YYYY-MM-DD HH24:MI:SS'), 7);
INSERT INTO Commande (idCommande, prixCommande, dateCommande, idClient) VALUES (38, 936271.08, TO_DATE('1971-12-01 05:22:07', 'YYYY-MM-DD HH24:MI:SS'), 38);
INSERT INTO Commande (idCommande, prixCommande, dateCommande, idClient) VALUES (39, 473083.28, TO_DATE('2019-02-22 00:22:50', 'YYYY-MM-DD HH24:MI:SS'), 22);
INSERT INTO Commande (idCommande, prixCommande, dateCommande, idClient) VALUES (40, 931635.55, TO_DATE('1975-12-18 04:24:37', 'YYYY-MM-DD HH24:MI:SS'), 45);
INSERT INTO Commande (idCommande, prixCommande, dateCommande, idClient) VALUES (41, 102622.54, TO_DATE('1988-09-11 10:48:39', 'YYYY-MM-DD HH24:MI:SS'), 48);
INSERT INTO Commande (idCommande, prixCommande, dateCommande, idClient) VALUES (42, 549078.5, TO_DATE('1992-04-16 10:14:58', 'YYYY-MM-DD HH24:MI:SS'), 36);
INSERT INTO Commande (idCommande, prixCommande, dateCommande, idClient) VALUES (43, 471425.29, TO_DATE('1992-04-22 11:56:56', 'YYYY-MM-DD HH24:MI:SS'), 12);
INSERT INTO Commande (idCommande, prixCommande, dateCommande, idClient) VALUES (44, 68510.51, TO_DATE('2008-07-22 06:01:56', 'YYYY-MM-DD HH24:MI:SS'), 6);
INSERT INTO Commande (idCommande, prixCommande, dateCommande, idClient) VALUES (45, 390357.78, TO_DATE('2002-12-18 23:20:03', 'YYYY-MM-DD HH24:MI:SS'), 31);
INSERT INTO Commande (idCommande, prixCommande, dateCommande, idClient) VALUES (46, 637863.48, TO_DATE('2012-12-26 05:33:55', 'YYYY-MM-DD HH24:MI:SS'), 14);
INSERT INTO Commande (idCommande, prixCommande, dateCommande, idClient) VALUES (47, 46434.55, TO_DATE('2021-06-08 13:13:54', 'YYYY-MM-DD HH24:MI:SS'), 5);
INSERT INTO Commande (idCommande, prixCommande, dateCommande, idClient) VALUES (48, 441378.81, TO_DATE('2005-06-10 19:57:41', 'YYYY-MM-DD HH24:MI:SS'), 26);
INSERT INTO Commande (idCommande, prixCommande, dateCommande, idClient) VALUES (49, 589266.17, TO_DATE('1982-04-29 20:33:57', 'YYYY-MM-DD HH24:MI:SS'), 28);
INSERT INTO Commande (idCommande, prixCommande, dateCommande, idClient) VALUES (50, 558213.4, TO_DATE('1978-02-20 05:02:37', 'YYYY-MM-DD HH24:MI:SS'), 46);
INSERT INTO Commande (idCommande, prixCommande, dateCommande, idClient) VALUES (51, 592649.89, TO_DATE('2010-08-14 22:40:19', 'YYYY-MM-DD HH24:MI:SS'), 17);
INSERT INTO Commande (idCommande, prixCommande, dateCommande, idClient) VALUES (52, 73302.85, TO_DATE('1975-12-26 08:48:24', 'YYYY-MM-DD HH24:MI:SS'), 15);
INSERT INTO Commande (idCommande, prixCommande, dateCommande, idClient) VALUES (53, 3890.36, TO_DATE('2015-03-28 18:11:30', 'YYYY-MM-DD HH24:MI:SS'), 11);
INSERT INTO Commande (idCommande, prixCommande, dateCommande, idClient) VALUES (54, 562072.86, TO_DATE('1978-07-19 05:09:16', 'YYYY-MM-DD HH24:MI:SS'), 44);
INSERT INTO Commande (idCommande, prixCommande, dateCommande, idClient) VALUES (55, 670700.41, TO_DATE('2004-05-23 13:37:30', 'YYYY-MM-DD HH24:MI:SS'), 23);
INSERT INTO Commande (idCommande, prixCommande, dateCommande, idClient) VALUES (56, 437503.83, TO_DATE('2016-01-31 00:42:20', 'YYYY-MM-DD HH24:MI:SS'), 13);
INSERT INTO Commande (idCommande, prixCommande, dateCommande, idClient) VALUES (57, 863245.22, TO_DATE('2007-07-14 23:57:40', 'YYYY-MM-DD HH24:MI:SS'), 46);
INSERT INTO Commande (idCommande, prixCommande, dateCommande, idClient) VALUES (58, 607067.56, TO_DATE('1990-06-20 02:16:40', 'YYYY-MM-DD HH24:MI:SS'), 31);
INSERT INTO Commande (idCommande, prixCommande, dateCommande, idClient) VALUES (59, 34267.31, TO_DATE('2010-05-15 13:13:50', 'YYYY-MM-DD HH24:MI:SS'), 4);
INSERT INTO Commande (idCommande, prixCommande, dateCommande, idClient) VALUES (60, 154163.69, TO_DATE('2009-09-08 22:31:45', 'YYYY-MM-DD HH24:MI:SS'), 37);
INSERT INTO Commande (idCommande, prixCommande, dateCommande, idClient) VALUES (61, 59772.31, TO_DATE('2014-10-02 08:49:49', 'YYYY-MM-DD HH24:MI:SS'), 19);
INSERT INTO Commande (idCommande, prixCommande, dateCommande, idClient) VALUES (62, 313055.2, TO_DATE('2015-11-06 16:22:27', 'YYYY-MM-DD HH24:MI:SS'), 30);
INSERT INTO Commande (idCommande, prixCommande, dateCommande, idClient) VALUES (63, 315929.03, TO_DATE('2018-08-27 09:48:31', 'YYYY-MM-DD HH24:MI:SS'), 1);
INSERT INTO Commande (idCommande, prixCommande, dateCommande, idClient) VALUES (64, 319456.66, TO_DATE('2014-08-18 02:35:24', 'YYYY-MM-DD HH24:MI:SS'), 43);
INSERT INTO Commande (idCommande, prixCommande, dateCommande, idClient) VALUES (65, 753912.06, TO_DATE('1983-12-01 09:29:23', 'YYYY-MM-DD HH24:MI:SS'), 34);
INSERT INTO Commande (idCommande, prixCommande, dateCommande, idClient) VALUES (66, 944211.81, TO_DATE('1971-04-06 07:01:39', 'YYYY-MM-DD HH24:MI:SS'), 32);
INSERT INTO Commande (idCommande, prixCommande, dateCommande, idClient) VALUES (67, 973963.36, TO_DATE('2018-12-19 12:39:35', 'YYYY-MM-DD HH24:MI:SS'), 43);
INSERT INTO Commande (idCommande, prixCommande, dateCommande, idClient) VALUES (68, 221113.05, TO_DATE('2005-05-07 06:32:53', 'YYYY-MM-DD HH24:MI:SS'), 45);
INSERT INTO Commande (idCommande, prixCommande, dateCommande, idClient) VALUES (69, 708718.39, TO_DATE('2008-05-10 11:37:12', 'YYYY-MM-DD HH24:MI:SS'), 34);
INSERT INTO Commande (idCommande, prixCommande, dateCommande, idClient) VALUES (70, 846804.09, TO_DATE('1998-11-15 16:57:07', 'YYYY-MM-DD HH24:MI:SS'), 21);
INSERT INTO Commande (idCommande, prixCommande, dateCommande, idClient) VALUES (71, 857254.77, TO_DATE('2006-07-09 00:06:54', 'YYYY-MM-DD HH24:MI:SS'), 16);
INSERT INTO Commande (idCommande, prixCommande, dateCommande, idClient) VALUES (72, 440590.03, TO_DATE('2019-03-27 23:26:34', 'YYYY-MM-DD HH24:MI:SS'), 24);
INSERT INTO Commande (idCommande, prixCommande, dateCommande, idClient) VALUES (73, 811514.85, TO_DATE('1990-10-02 19:38:23', 'YYYY-MM-DD HH24:MI:SS'), 20);
INSERT INTO Commande (idCommande, prixCommande, dateCommande, idClient) VALUES (74, 167935.37, TO_DATE('1971-07-13 06:13:00', 'YYYY-MM-DD HH24:MI:SS'), 15);
INSERT INTO Commande (idCommande, prixCommande, dateCommande, idClient) VALUES (75, 400469.48, TO_DATE('2022-08-30 15:55:03', 'YYYY-MM-DD HH24:MI:SS'), 32);
INSERT INTO Commande (idCommande, prixCommande, dateCommande, idClient) VALUES (76, 572841.1, TO_DATE('1974-02-09 02:01:34', 'YYYY-MM-DD HH24:MI:SS'), 48);
INSERT INTO Commande (idCommande, prixCommande, dateCommande, idClient) VALUES (77, 77030.35, TO_DATE('1973-12-30 17:42:22', 'YYYY-MM-DD HH24:MI:SS'), 14);
INSERT INTO Commande (idCommande, prixCommande, dateCommande, idClient) VALUES (78, 89358.49, TO_DATE('1996-03-18 14:42:54', 'YYYY-MM-DD HH24:MI:SS'), 47);
INSERT INTO Commande (idCommande, prixCommande, dateCommande, idClient) VALUES (79, 614921.66, TO_DATE('2022-06-02 13:07:35', 'YYYY-MM-DD HH24:MI:SS'), 36);
INSERT INTO Commande (idCommande, prixCommande, dateCommande, idClient) VALUES (80, 373056.52, TO_DATE('2000-01-18 06:44:48', 'YYYY-MM-DD HH24:MI:SS'), 17);
INSERT INTO Commande (idCommande, prixCommande, dateCommande, idClient) VALUES (81, 4001.04, TO_DATE('1974-05-28 18:54:29', 'YYYY-MM-DD HH24:MI:SS'), 2);
INSERT INTO Commande (idCommande, prixCommande, dateCommande, idClient) VALUES (82, 105211.11, TO_DATE('2011-06-03 15:14:43', 'YYYY-MM-DD HH24:MI:SS'), 8);
INSERT INTO Commande (idCommande, prixCommande, dateCommande, idClient) VALUES (83, 277142.55, TO_DATE('2001-08-19 10:33:57', 'YYYY-MM-DD HH24:MI:SS'), 16);
INSERT INTO Commande (idCommande, prixCommande, dateCommande, idClient) VALUES (84, 141205.31, TO_DATE('2021-12-10 13:33:01', 'YYYY-MM-DD HH24:MI:SS'), 4);
INSERT INTO Commande (idCommande, prixCommande, dateCommande, idClient) VALUES (85, 811036.42, TO_DATE('1990-03-04 02:49:27', 'YYYY-MM-DD HH24:MI:SS'), 38);
INSERT INTO Commande (idCommande, prixCommande, dateCommande, idClient) VALUES (86, 893717.08, TO_DATE('1977-12-15 02:01:45', 'YYYY-MM-DD HH24:MI:SS'), 50);
INSERT INTO Commande (idCommande, prixCommande, dateCommande, idClient) VALUES (87, 512689.19, TO_DATE('1997-08-30 02:45:48', 'YYYY-MM-DD HH24:MI:SS'), 18);
INSERT INTO Commande (idCommande, prixCommande, dateCommande, idClient) VALUES (88, 300421.23, TO_DATE('1980-08-15 20:20:58', 'YYYY-MM-DD HH24:MI:SS'), 30);
INSERT INTO Commande (idCommande, prixCommande, dateCommande, idClient) VALUES (89, 7470.9, TO_DATE('1998-01-14 04:11:35', 'YYYY-MM-DD HH24:MI:SS'), 41);
INSERT INTO Commande (idCommande, prixCommande, dateCommande, idClient) VALUES (90, 708263.43, TO_DATE('2003-02-16 01:13:42', 'YYYY-MM-DD HH24:MI:SS'), 7);
INSERT INTO Commande (idCommande, prixCommande, dateCommande, idClient) VALUES (91, 401862.76, TO_DATE('2012-08-29 22:40:11', 'YYYY-MM-DD HH24:MI:SS'), 10);
INSERT INTO Commande (idCommande, prixCommande, dateCommande, idClient) VALUES (92, 781983.15, TO_DATE('1999-03-14 15:58:23', 'YYYY-MM-DD HH24:MI:SS'), 47);
INSERT INTO Commande (idCommande, prixCommande, dateCommande, idClient) VALUES (93, 921378.62, TO_DATE('2003-11-02 20:35:27', 'YYYY-MM-DD HH24:MI:SS'), 12);
INSERT INTO Commande (idCommande, prixCommande, dateCommande, idClient) VALUES (94, 190950.09, TO_DATE('1988-03-17 13:03:26', 'YYYY-MM-DD HH24:MI:SS'), 6);
INSERT INTO Commande (idCommande, prixCommande, dateCommande, idClient) VALUES (95, 396619.62, TO_DATE('1999-12-17 04:07:30', 'YYYY-MM-DD HH24:MI:SS'), 39);
INSERT INTO Commande (idCommande, prixCommande, dateCommande, idClient) VALUES (96, 621348.12, TO_DATE('1997-06-14 10:45:29', 'YYYY-MM-DD HH24:MI:SS'), 2);
INSERT INTO Commande (idCommande, prixCommande, dateCommande, idClient) VALUES (97, 227421.27, TO_DATE('2013-10-09 09:58:18', 'YYYY-MM-DD HH24:MI:SS'), 24);
INSERT INTO Commande (idCommande, prixCommande, dateCommande, idClient) VALUES (98, 283891.82, TO_DATE('1980-05-08 10:41:31', 'YYYY-MM-DD HH24:MI:SS'), 27);
INSERT INTO Commande (idCommande, prixCommande, dateCommande, idClient) VALUES (99, 917330.82, TO_DATE('1993-11-05 06:24:04', 'YYYY-MM-DD HH24:MI:SS'), 26);
INSERT INTO Commande (idCommande, prixCommande, dateCommande, idClient) VALUES (100, 71305.81, TO_DATE('1983-12-10 06:50:34', 'YYYY-MM-DD HH24:MI:SS'), 3);


-- Contenir (temporaire)
INSERT INTO Contenir (idPanier, idProduit, quantiteProduit, prixProduit, descriptifProduit) VALUES (1, 1, 39, 16610.00, 'Occaecati nihil hic ad.');
INSERT INTO Contenir (idPanier, idProduit, quantiteProduit, prixProduit, descriptifProduit) VALUES (2, 2, 12, 2749.00, 'Tempore veritatis quaerat qui.');
INSERT INTO Contenir (idPanier, idProduit, quantiteProduit, prixProduit, descriptifProduit) VALUES (3, 3, 90, 10452.00, 'Accusamus dicta eius odit.');
INSERT INTO Contenir (idPanier, idProduit, quantiteProduit, prixProduit, descriptifProduit) VALUES (4, 4, 24, 7863.00, 'Sint natus.');
INSERT INTO Contenir (idPanier, idProduit, quantiteProduit, prixProduit, descriptifProduit) VALUES (5, 5, 84, 15694.00, 'Vel atque perferendis minus.');
INSERT INTO Contenir (idPanier, idProduit, quantiteProduit, prixProduit, descriptifProduit) VALUES (6, 6, 72, 2721.00, 'Enim eveniet distinctio mollitia.');
INSERT INTO Contenir (idPanier, idProduit, quantiteProduit, prixProduit, descriptifProduit) VALUES (7, 7, 96, 15480.00, 'Tempore aliquam voluptatibus.');
INSERT INTO Contenir (idPanier, idProduit, quantiteProduit, prixProduit, descriptifProduit) VALUES (8, 8, 9, 4037.00, 'Et molestiae est velit repudiandae.');
INSERT INTO Contenir (idPanier, idProduit, quantiteProduit, prixProduit, descriptifProduit) VALUES (9, 9, 75, 9533.00, 'Aut sapiente optio consequatur.');
INSERT INTO Contenir (idPanier, idProduit, quantiteProduit, prixProduit, descriptifProduit) VALUES (10, 10, 17, 6197.00, 'Est qui ipsum.');
INSERT INTO Contenir (idPanier, idProduit, quantiteProduit, prixProduit, descriptifProduit) VALUES (11, 11, 8, 9684.00, 'Voluptates est laudantium dolorem.');
INSERT INTO Contenir (idPanier, idProduit, quantiteProduit, prixProduit, descriptifProduit) VALUES (12, 12, 30, 19234.00, 'Itaque officia aut.');
INSERT INTO Contenir (idPanier, idProduit, quantiteProduit, prixProduit, descriptifProduit) VALUES (13, 13, 77, 15032.00, 'Voluptates eos et totam.');
INSERT INTO Contenir (idPanier, idProduit, quantiteProduit, prixProduit, descriptifProduit) VALUES (14, 14, 26, 6855.00, 'Illum tenetur veniam quas.');
INSERT INTO Contenir (idPanier, idProduit, quantiteProduit, prixProduit, descriptifProduit) VALUES (15, 15, 2, 4109.00, 'Est molestias quasi et.');
INSERT INTO Contenir (idPanier, idProduit, quantiteProduit, prixProduit, descriptifProduit) VALUES (16, 16, 14, 1640.00, 'Est veritatis vel ipsam.');
INSERT INTO Contenir (idPanier, idProduit, quantiteProduit, prixProduit, descriptifProduit) VALUES (17, 17, 50, 2622.00, 'Laboriosam nemo est excepturi.');
INSERT INTO Contenir (idPanier, idProduit, quantiteProduit, prixProduit, descriptifProduit) VALUES (18, 18, 31, 19593.00, 'Soluta dignissimos sit amet.');
INSERT INTO Contenir (idPanier, idProduit, quantiteProduit, prixProduit, descriptifProduit) VALUES (19, 19, 91, 8578.00, 'Eaque est reiciendis.');
INSERT INTO Contenir (idPanier, idProduit, quantiteProduit, prixProduit, descriptifProduit) VALUES (20, 20, 7, 12206.00, 'Aut dolores eum.');
INSERT INTO Contenir (idPanier, idProduit, quantiteProduit, prixProduit, descriptifProduit) VALUES (21, 21, 38, 15601.00, 'Illo ab odio dolores.');
INSERT INTO Contenir (idPanier, idProduit, quantiteProduit, prixProduit, descriptifProduit) VALUES (22, 22, 32, 4785.00, 'Non quia praesentium qui.');
INSERT INTO Contenir (idPanier, idProduit, quantiteProduit, prixProduit, descriptifProduit) VALUES (23, 23, 14, 8568.00, 'In eum qui.');
INSERT INTO Contenir (idPanier, idProduit, quantiteProduit, prixProduit, descriptifProduit) VALUES (24, 24, 90, 7528.00, 'Quis voluptatem dolores optio.');
INSERT INTO Contenir (idPanier, idProduit, quantiteProduit, prixProduit, descriptifProduit) VALUES (25, 25, 35, 11918.00, 'Qui quia ipsa.');
INSERT INTO Contenir (idPanier, idProduit, quantiteProduit, prixProduit, descriptifProduit) VALUES (26, 26, 81, 8818.00, 'Voluptas maxime.');
INSERT INTO Contenir (idPanier, idProduit, quantiteProduit, prixProduit, descriptifProduit) VALUES (27, 27, 51, 19222.00, 'Repellat et ullam.');
INSERT INTO Contenir (idPanier, idProduit, quantiteProduit, prixProduit, descriptifProduit) VALUES (28, 28, 66, 8653.00, 'Quia eligendi rerum.');
INSERT INTO Contenir (idPanier, idProduit, quantiteProduit, prixProduit, descriptifProduit) VALUES (29, 29, 43, 7076.00, 'Et hic omnis.');
INSERT INTO Contenir (idPanier, idProduit, quantiteProduit, prixProduit, descriptifProduit) VALUES (30, 30, 10, 5486.00, 'Dolores fugit beatae.');
INSERT INTO Contenir (idPanier, idProduit, quantiteProduit, prixProduit, descriptifProduit) VALUES (31, 31, 68, 2677.00, 'Omnis minima aspernatur dolore.');
INSERT INTO Contenir (idPanier, idProduit, quantiteProduit, prixProduit, descriptifProduit) VALUES (32, 32, 45, 122.00, 'Rem exercitationem quia.');
INSERT INTO Contenir (idPanier, idProduit, quantiteProduit, prixProduit, descriptifProduit) VALUES (33, 33, 14, 10054.00, 'Rem sit ex quis.');
INSERT INTO Contenir (idPanier, idProduit, quantiteProduit, prixProduit, descriptifProduit) VALUES (34, 34, 88, 7937.00, 'Ut mollitia.');
INSERT INTO Contenir (idPanier, idProduit, quantiteProduit, prixProduit, descriptifProduit) VALUES (35, 35, 18, 18552.00, 'Quas sapiente quaerat accusamus.');
INSERT INTO Contenir (idPanier, idProduit, quantiteProduit, prixProduit, descriptifProduit) VALUES (36, 36, 40, 15430.00, 'Rem iusto veniam enim.');
INSERT INTO Contenir (idPanier, idProduit, quantiteProduit, prixProduit, descriptifProduit) VALUES (37, 37, 38, 10687.00, 'Sed blanditiis autem velit.');
INSERT INTO Contenir (idPanier, idProduit, quantiteProduit, prixProduit, descriptifProduit) VALUES (38, 38, 85, 14767.00, 'Facilis amet dignissimos.');
INSERT INTO Contenir (idPanier, idProduit, quantiteProduit, prixProduit, descriptifProduit) VALUES (39, 39, 72, 3670.00, 'Ipsa repudiandae dolorem occaecati.');
INSERT INTO Contenir (idPanier, idProduit, quantiteProduit, prixProduit, descriptifProduit) VALUES (40, 40, 62, 15676.00, 'Voluptate et.');
INSERT INTO Contenir (idPanier, idProduit, quantiteProduit, prixProduit, descriptifProduit) VALUES (41, 41, 3, 6846.00, 'Rerum quasi inventore porro.');
INSERT INTO Contenir (idPanier, idProduit, quantiteProduit, prixProduit, descriptifProduit) VALUES (42, 42, 96, 4952.00, 'Veniam mollitia id dolorem.');
INSERT INTO Contenir (idPanier, idProduit, quantiteProduit, prixProduit, descriptifProduit) VALUES (43, 43, 70, 4282.00, 'Qui sint odio natus.');
INSERT INTO Contenir (idPanier, idProduit, quantiteProduit, prixProduit, descriptifProduit) VALUES (44, 44, 89, 16805.00, 'Dolor minus in.');
INSERT INTO Contenir (idPanier, idProduit, quantiteProduit, prixProduit, descriptifProduit) VALUES (45, 45, 53, 18253.00, 'Occaecati officia perferendis.');
INSERT INTO Contenir (idPanier, idProduit, quantiteProduit, prixProduit, descriptifProduit) VALUES (46, 46, 86, 12380.00, 'Facere laudantium minima alias doloremque.');
INSERT INTO Contenir (idPanier, idProduit, quantiteProduit, prixProduit, descriptifProduit) VALUES (47, 47, 85, 14803.00, 'Quia odio incidunt aut.');
INSERT INTO Contenir (idPanier, idProduit, quantiteProduit, prixProduit, descriptifProduit) VALUES (48, 48, 41, 10612.00, 'Non dolor minus eius.');
INSERT INTO Contenir (idPanier, idProduit, quantiteProduit, prixProduit, descriptifProduit) VALUES (49, 49, 78, 12670.00, 'Quas temporibus voluptates.');
INSERT INTO Contenir (idPanier, idProduit, quantiteProduit, prixProduit, descriptifProduit) VALUES (50, 50, 91, 12741.00, 'In expedita.');

UPDATE Contenir
SET idPanier = 1
WHERE idPanier BETWEEN 2 AND 6;


-- Renseigner
INSERT INTO Renseigner (idCommande, idProduit, quantiteProduit) VALUES (1, 1, 69);
INSERT INTO Renseigner (idCommande, idProduit, quantiteProduit) VALUES (2, 2, 67);
INSERT INTO Renseigner (idCommande, idProduit, quantiteProduit) VALUES (3, 3, 23);
INSERT INTO Renseigner (idCommande, idProduit, quantiteProduit) VALUES (4, 4, 51);
INSERT INTO Renseigner (idCommande, idProduit, quantiteProduit) VALUES (5, 5, 79);
INSERT INTO Renseigner (idCommande, idProduit, quantiteProduit) VALUES (6, 6, 54);
INSERT INTO Renseigner (idCommande, idProduit, quantiteProduit) VALUES (7, 7, 77);
INSERT INTO Renseigner (idCommande, idProduit, quantiteProduit) VALUES (8, 8, 44);
INSERT INTO Renseigner (idCommande, idProduit, quantiteProduit) VALUES (9, 9, 61);
INSERT INTO Renseigner (idCommande, idProduit, quantiteProduit) VALUES (10, 10, 14);
INSERT INTO Renseigner (idCommande, idProduit, quantiteProduit) VALUES (11, 11, 32);
INSERT INTO Renseigner (idCommande, idProduit, quantiteProduit) VALUES (12, 12, 1);
INSERT INTO Renseigner (idCommande, idProduit, quantiteProduit) VALUES (13, 13, 95);
INSERT INTO Renseigner (idCommande, idProduit, quantiteProduit) VALUES (14, 14, 37);
INSERT INTO Renseigner (idCommande, idProduit, quantiteProduit) VALUES (15, 15, 97);
INSERT INTO Renseigner (idCommande, idProduit, quantiteProduit) VALUES (16, 16, 14);
INSERT INTO Renseigner (idCommande, idProduit, quantiteProduit) VALUES (17, 17, 83);
INSERT INTO Renseigner (idCommande, idProduit, quantiteProduit) VALUES (18, 18, 47);
INSERT INTO Renseigner (idCommande, idProduit, quantiteProduit) VALUES (19, 19, 36);
INSERT INTO Renseigner (idCommande, idProduit, quantiteProduit) VALUES (20, 20, 10);
INSERT INTO Renseigner (idCommande, idProduit, quantiteProduit) VALUES (21, 21, 53);
INSERT INTO Renseigner (idCommande, idProduit, quantiteProduit) VALUES (22, 22, 35);
INSERT INTO Renseigner (idCommande, idProduit, quantiteProduit) VALUES (23, 23, 53);
INSERT INTO Renseigner (idCommande, idProduit, quantiteProduit) VALUES (24, 24, 7);
INSERT INTO Renseigner (idCommande, idProduit, quantiteProduit) VALUES (25, 25, 48);
INSERT INTO Renseigner (idCommande, idProduit, quantiteProduit) VALUES (26, 26, 73);
INSERT INTO Renseigner (idCommande, idProduit, quantiteProduit) VALUES (27, 27, 86);
INSERT INTO Renseigner (idCommande, idProduit, quantiteProduit) VALUES (28, 28, 4);
INSERT INTO Renseigner (idCommande, idProduit, quantiteProduit) VALUES (29, 29, 92);
INSERT INTO Renseigner (idCommande, idProduit, quantiteProduit) VALUES (30, 30, 20);
INSERT INTO Renseigner (idCommande, idProduit, quantiteProduit) VALUES (31, 31, 48);
INSERT INTO Renseigner (idCommande, idProduit, quantiteProduit) VALUES (32, 32, 93);
INSERT INTO Renseigner (idCommande, idProduit, quantiteProduit) VALUES (33, 33, 51);
INSERT INTO Renseigner (idCommande, idProduit, quantiteProduit) VALUES (34, 34, 89);
INSERT INTO Renseigner (idCommande, idProduit, quantiteProduit) VALUES (35, 35, 30);
INSERT INTO Renseigner (idCommande, idProduit, quantiteProduit) VALUES (36, 36, 87);
INSERT INTO Renseigner (idCommande, idProduit, quantiteProduit) VALUES (37, 37, 88);
INSERT INTO Renseigner (idCommande, idProduit, quantiteProduit) VALUES (38, 38, 25);
INSERT INTO Renseigner (idCommande, idProduit, quantiteProduit) VALUES (39, 39, 57);
INSERT INTO Renseigner (idCommande, idProduit, quantiteProduit) VALUES (40, 40, 58);
INSERT INTO Renseigner (idCommande, idProduit, quantiteProduit) VALUES (41, 41, 92);
INSERT INTO Renseigner (idCommande, idProduit, quantiteProduit) VALUES (42, 42, 74);
INSERT INTO Renseigner (idCommande, idProduit, quantiteProduit) VALUES (43, 43, 26);
INSERT INTO Renseigner (idCommande, idProduit, quantiteProduit) VALUES (44, 44, 5);
INSERT INTO Renseigner (idCommande, idProduit, quantiteProduit) VALUES (45, 45, 3);
INSERT INTO Renseigner (idCommande, idProduit, quantiteProduit) VALUES (46, 46, 56);
INSERT INTO Renseigner (idCommande, idProduit, quantiteProduit) VALUES (47, 47, 16);
INSERT INTO Renseigner (idCommande, idProduit, quantiteProduit) VALUES (48, 48, 64);
INSERT INTO Renseigner (idCommande, idProduit, quantiteProduit) VALUES (49, 49, 92);
INSERT INTO Renseigner (idCommande, idProduit, quantiteProduit) VALUES (50, 50, 45);


-- DonnerAvis (temporaire)
INSERT INTO DonnerAvis (idClient, idProduit, descriptionAvis, noteAvis) VALUES (1, 1, 'Saepe molestiae quaerat quos adipisci quia non. Illum qui consectetur laboriosam quod. Eius corporis nostrum aliquam autem est laborum placeat.', 4);
INSERT INTO DonnerAvis (idClient, idProduit, descriptionAvis, noteAvis) VALUES (2, 2, 'Nam hic omnis ratione eos alias debitis nulla. Veniam voluptatem quam accusamus sit. Ut nulla quasi tenetur aut sed quis. Aut ullam ut vitae impedit est dolor.', 2);
INSERT INTO DonnerAvis (idClient, idProduit, descriptionAvis, noteAvis) VALUES (3, 3, 'Repellat aperiam molestiae deserunt accusamus quam culpa est reiciendis. Beatae culpa et explicabo iste. Dolorem vero earum est qui. Minus iusto nostrum deserunt autem est alias.', 4);
INSERT INTO DonnerAvis (idClient, idProduit, descriptionAvis, noteAvis) VALUES (4, 4, 'Id saepe quidem omnis omnis natus qui. Eligendi deleniti corporis qui dolores molestiae molestiae eligendi. Sapiente totam dolorum occaecati consequuntur.', 0);
INSERT INTO DonnerAvis (idClient, idProduit, descriptionAvis, noteAvis) VALUES (5, 5, 'Dolores ea optio exercitationem qui. Deserunt corrupti in consequatur molestiae doloremque. Quia alias laboriosam doloribus repellat. Sunt temporibus veniam aut quasi.', 1);
INSERT INTO DonnerAvis (idClient, idProduit, descriptionAvis, noteAvis) VALUES (6, 6, 'Ipsum ut voluptatem veniam quidem dolorem at laborum id. Explicabo praesentium sint nesciunt quasi. Odio maiores ratione ex quaerat magnam.', 2);
INSERT INTO DonnerAvis (idClient, idProduit, descriptionAvis, noteAvis) VALUES (7, 7, 'Libero autem quia vitae. Sint impedit consequuntur eius quia alias id est. Optio voluptatem doloribus molestias illum recusandae.', 4);
INSERT INTO DonnerAvis (idClient, idProduit, descriptionAvis, noteAvis) VALUES (8, 8, 'Maiores numquam enim earum aut temporibus. Iste iure modi deleniti nesciunt omnis. Laboriosam recusandae necessitatibus tenetur.', 3);
INSERT INTO DonnerAvis (idClient, idProduit, descriptionAvis, noteAvis) VALUES (9, 9, 'Vel maxime occaecati ad vero. Sit quasi est nemo beatae. Reiciendis vel amet quas et ex tenetur qui.\nNostrum porro rerum rem et dolores est ut quidem. Id et nihil id incidunt labore.', 3);
INSERT INTO DonnerAvis (idClient, idProduit, descriptionAvis, noteAvis) VALUES (10, 10, 'Voluptatibus id voluptatem ad consectetur. Enim voluptatem sequi perspiciatis vitae iure distinctio vitae libero. Dolorem eveniet ullam et id eum doloribus voluptatibus.', 3);
INSERT INTO DonnerAvis (idClient, idProduit, descriptionAvis, noteAvis) VALUES (11, 11, 'Alias tempore ut aut inventore laudantium eligendi nisi magnam. Quam debitis aspernatur id et quae quo. Modi dolores soluta labore ut.', 2);
INSERT INTO DonnerAvis (idClient, idProduit, descriptionAvis, noteAvis) VALUES (12, 12, 'Voluptatem doloribus doloribus laborum numquam et. Aut est reprehenderit voluptate nobis. Est explicabo magnam at mollitia mollitia rerum. Velit sapiente sit aspernatur similique vero aperiam.', 2);
INSERT INTO DonnerAvis (idClient, idProduit, descriptionAvis, noteAvis) VALUES (13, 13, 'Rem modi in quis illum est assumenda sequi. Molestiae nemo non est voluptate. Vitae consequatur aliquid nam ut ipsam dolorum velit. Earum qui asperiores et minus et nobis.', 1);
INSERT INTO DonnerAvis (idClient, idProduit, descriptionAvis, noteAvis) VALUES (14, 14, 'Vel excepturi eum voluptatem et exercitationem. Autem dolor aut laudantium omnis repellat error. Id porro eligendi veniam laudantium. Quo eveniet vitae enim est unde optio.', 3);
INSERT INTO DonnerAvis (idClient, idProduit, descriptionAvis, noteAvis) VALUES (15, 15, 'Quasi ut eum eum quia porro odio ea. Maiores quaerat consequatur sed aut et. Dignissimos dolores natus expedita ut.', 3);
INSERT INTO DonnerAvis (idClient, idProduit, descriptionAvis, noteAvis) VALUES (16, 16, 'Debitis et a totam iste ullam deserunt dolorem. Nam nulla laudantium illo molestias fuga aut.', 3);
INSERT INTO DonnerAvis (idClient, idProduit, descriptionAvis, noteAvis) VALUES (17, 17, 'Voluptatum nobis corporis et dignissimos aperiam. Quas fugit voluptas minima dolores.', 3);
INSERT INTO DonnerAvis (idClient, idProduit, descriptionAvis, noteAvis) VALUES (18, 18, 'Qui officia rem repellendus accusamus exercitationem explicabo exercitationem ut. Odio laboriosam tenetur aut ut dolores. Non molestiae nihil odit voluptates esse iure expedita fugit.', 3);
INSERT INTO DonnerAvis (idClient, idProduit, descriptionAvis, noteAvis) VALUES (19, 19, 'Et deleniti tempora minus in eligendi. Veritatis maxime neque amet quo. Neque aspernatur repellat sunt eius et quidem.', 4);
INSERT INTO DonnerAvis (idClient, idProduit, descriptionAvis, noteAvis) VALUES (20, 20, 'Fuga expedita consequuntur laborum minima. In dolor veniam qui non eligendi ducimus doloremque facilis. Voluptatem consequuntur possimus accusantium aut quam ducimus corrupti non.', 3);
INSERT INTO DonnerAvis (idClient, idProduit, descriptionAvis, noteAvis) VALUES (21, 21, 'Quia delectus et soluta at harum. Consequatur voluptates earum eos molestiae repellendus. Recusandae et sed nihil sint et. Dolores temporibus dolor perferendis velit tempore ipsa.', 3);
INSERT INTO DonnerAvis (idClient, idProduit, descriptionAvis, noteAvis) VALUES (22, 22, 'Amet enim aut ut quia. At eos numquam inventore id illum cumque earum.\nDistinctio eveniet dolorem quos mollitia velit odit. Voluptatum excepturi praesentium aut ea. Placeat maiores veniam qui sit.', 4);
INSERT INTO DonnerAvis (idClient, idProduit, descriptionAvis, noteAvis) VALUES (23, 23, 'Provident dolor ratione autem fuga quia. Velit repellendus veniam vel quos. Numquam omnis vitae non optio. Omnis pariatur itaque occaecati ut.', 2);
INSERT INTO DonnerAvis (idClient, idProduit, descriptionAvis, noteAvis) VALUES (24, 24, 'Et incidunt occaecati aut dolorem inventore. Alias corporis dolor debitis ut quisquam fugiat culpa. Velit qui id voluptatibus est rerum.', 3);
INSERT INTO DonnerAvis (idClient, idProduit, descriptionAvis, noteAvis) VALUES (25, 25, 'Nulla minus neque quos qui. Ut velit est ea ipsa consequuntur eos. Rerum iusto sit quam animi debitis accusantium exercitationem. Quo ut commodi reprehenderit praesentium corporis voluptas dolores.', 1);
INSERT INTO DonnerAvis (idClient, idProduit, descriptionAvis, noteAvis) VALUES (26, 26, 'Voluptatem ratione at quas. Quia illum consequatur laboriosam ratione eligendi. Quia repellendus rerum ut modi odio vitae ut. Consequatur similique quae in est ea impedit est omnis.', 2);
INSERT INTO DonnerAvis (idClient, idProduit, descriptionAvis, noteAvis) VALUES (27, 27, 'Accusantium sapiente quis fugiat quidem vel. Beatae rerum in et. Rerum in perferendis asperiores velit. Quos ea eos repellat et.', 4);
INSERT INTO DonnerAvis (idClient, idProduit, descriptionAvis, noteAvis) VALUES (28, 28, 'Nostrum adipisci vel quis eligendi est recusandae provident. Sed consequatur id est ut qui ut.', 2);
INSERT INTO DonnerAvis (idClient, idProduit, descriptionAvis, noteAvis) VALUES (29, 29, 'Natus sint rerum odit et. Est et tempore dolore laboriosam placeat expedita voluptatem. Voluptates nulla veritatis est omnis est et voluptatum.', 1);
INSERT INTO DonnerAvis (idClient, idProduit, descriptionAvis, noteAvis) VALUES (30, 30, 'Culpa est earum quibusdam quos quod minus et. Ab dolore quod sapiente quas. Ut perferendis voluptatum nisi provident molestias eum libero minus. Consectetur odio sapiente iusto non.', 0);
INSERT INTO DonnerAvis (idClient, idProduit, descriptionAvis, noteAvis) VALUES (31, 31, 'Hic rerum doloremque in exercitationem ut qui et. Dolor vero aspernatur quaerat harum. Qui optio nulla excepturi sit magni vel.', 2);
INSERT INTO DonnerAvis (idClient, idProduit, descriptionAvis, noteAvis) VALUES (32, 32, 'Quia voluptatem consectetur sequi ea quae. Aliquam rerum unde et sapiente et provident accusamus. Minus quibusdam distinctio maiores quo totam deserunt.', 2);
INSERT INTO DonnerAvis (idClient, idProduit, descriptionAvis, noteAvis) VALUES (33, 33, 'Id esse aliquid accusantium cupiditate hic laudantium. Dolorum iure culpa voluptatibus at ab aut esse.', 1);
INSERT INTO DonnerAvis (idClient, idProduit, descriptionAvis, noteAvis) VALUES (34, 34, 'Earum eos dolor autem et. Eos ducimus quia et ratione est ullam temporibus. Rerum aut ad ut optio cumque qui non. Qui ipsum officia veritatis saepe ad magni sint itaque.', 3);
INSERT INTO DonnerAvis (idClient, idProduit, descriptionAvis, noteAvis) VALUES (35, 35, 'Accusamus est id sit sint magnam soluta. In quis eum qui explicabo reprehenderit mollitia. Nobis esse illum iste error.', 4);
INSERT INTO DonnerAvis (idClient, idProduit, descriptionAvis, noteAvis) VALUES (36, 36, 'Consequatur adipisci dolores vero dolorem neque quod. Impedit minus vel vitae consequatur ipsam quo. Eum ab iusto atque.', 3);
INSERT INTO DonnerAvis (idClient, idProduit, descriptionAvis, noteAvis) VALUES (37, 37, 'Quia voluptatem et aut veritatis occaecati aperiam nihil. Distinctio eos corrupti repellat ratione alias rerum. Tenetur modi repellat rerum accusamus dolor velit dolores odit.', 3);
INSERT INTO DonnerAvis (idClient, idProduit, descriptionAvis, noteAvis) VALUES (38, 38, 'Molestiae voluptatem molestias expedita dolorum. Eum facere molestiae illum sit. Consequatur dolorem tenetur est quos rem ea asperiores tempore. Qui non velit rerum pariatur qui sint a.', 2);
INSERT INTO DonnerAvis (idClient, idProduit, descriptionAvis, noteAvis) VALUES (39, 39, 'Voluptatem quae quo et at natus aspernatur ea. Nemo repudiandae excepturi repellendus. Magnam harum magnam est saepe dolor.', 1);
INSERT INTO DonnerAvis (idClient, idProduit, descriptionAvis, noteAvis) VALUES (40, 40, 'Et qui rerum aperiam porro et. Assumenda ut earum quo officiis. Nesciunt sapiente doloremque esse temporibus saepe inventore et.', 4);
INSERT INTO DonnerAvis (idClient, idProduit, descriptionAvis, noteAvis) VALUES (41, 41, 'Voluptas molestiae inventore ipsa adipisci fugiat animi. Eum adipisci aut molestiae quidem neque sapiente sed vel. Ut qui quos sunt aut modi natus sed.', 3);
INSERT INTO DonnerAvis (idClient, idProduit, descriptionAvis, noteAvis) VALUES (42, 42, 'Qui sapiente ut occaecati sequi omnis enim voluptas dolores. Quis nam ut sint quis beatae porro totam in. Tenetur temporibus quibusdam laborum. Delectus deleniti nulla inventore voluptas saepe.', 3);
INSERT INTO DonnerAvis (idClient, idProduit, descriptionAvis, noteAvis) VALUES (43, 43, 'Et praesentium ab maiores odio magnam in. Eius in asperiores omnis placeat consequuntur velit. Animi modi cum eius nobis id.', 3);
INSERT INTO DonnerAvis (idClient, idProduit, descriptionAvis, noteAvis) VALUES (44, 44, 'Eos tenetur officia eos sed quaerat voluptatem ipsa. Accusamus esse adipisci inventore. Soluta laborum provident qui ea et officiis.', 0);
INSERT INTO DonnerAvis (idClient, idProduit, descriptionAvis, noteAvis) VALUES (45, 45, 'Ex quis officia expedita consequatur. Sed omnis sint accusamus eaque. Et assumenda temporibus repellat aliquid vel autem dolore doloribus. Eos et ipsam reprehenderit rerum.', 4);
INSERT INTO DonnerAvis (idClient, idProduit, descriptionAvis, noteAvis) VALUES (46, 46, 'Quibusdam eius cum ipsam iusto voluptatem. Veniam in quis quia repellendus est excepturi voluptatibus. Ut ea omnis at laboriosam laboriosam.', 1);
INSERT INTO DonnerAvis (idClient, idProduit, descriptionAvis, noteAvis) VALUES (47, 47, 'Enim rerum et similique nesciunt architecto velit. Quam cupiditate cumque laudantium. Veniam et eaque illum rerum.', 3);
INSERT INTO DonnerAvis (idClient, idProduit, descriptionAvis, noteAvis) VALUES (48, 48, 'Soluta culpa perspiciatis ut cumque. Vel neque molestiae laboriosam sit aut itaque. Voluptas quidem aut optio error.', 3);
INSERT INTO DonnerAvis (idClient, idProduit, descriptionAvis, noteAvis) VALUES (49, 49, 'Impedit ipsa minima facere consequatur possimus et qui alias. Modi vitae libero voluptatem id omnis cum consequatur. Non in nihil corporis autem.', 2);
INSERT INTO DonnerAvis (idClient, idProduit, descriptionAvis, noteAvis) VALUES (50, 50, 'Dolores quae nemo nihil corporis. Repudiandae alias ex aut expedita. Enim aut eligendi voluptas aliquid. Et iusto voluptas voluptates id nisi dignissimos omnis.', 4);


-- Affecter (à compléter)
INSERT INTO Affecter (idChoix, idProduit, typeChoix) VALUES (1, 1, 'Capacité');
INSERT INTO Affecter (idChoix, idProduit, typeChoix) VALUES (1, 13, 'Condition');
INSERT INTO Affecter (idChoix, idProduit, typeChoix) VALUES (2, 2, 'Capacité');
INSERT INTO Affecter (idChoix, idProduit, typeChoix) VALUES (2, 14, 'Capacité');
INSERT INTO Affecter (idChoix, idProduit, typeChoix) VALUES (3, 3, 'Couleur');
INSERT INTO Affecter (idChoix, idProduit, typeChoix) VALUES (3, 15, 'Condition');
INSERT INTO Affecter (idChoix, idProduit, typeChoix) VALUES (4, 4, 'Capacité');
INSERT INTO Affecter (idChoix, idProduit, typeChoix) VALUES (4, 16, 'Condition');
INSERT INTO Affecter (idChoix, idProduit, typeChoix) VALUES (5, 5, 'Couleur');
INSERT INTO Affecter (idChoix, idProduit, typeChoix) VALUES (5, 17, 'Couleur');
INSERT INTO Affecter (idChoix, idProduit, typeChoix) VALUES (6, 6, 'Couleur');
INSERT INTO Affecter (idChoix, idProduit, typeChoix) VALUES (6, 18, 'Condition');
INSERT INTO Affecter (idChoix, idProduit, typeChoix) VALUES (7, 7, 'Condition');
INSERT INTO Affecter (idChoix, idProduit, typeChoix) VALUES (7, 19, 'Capacité');
INSERT INTO Affecter (idChoix, idProduit, typeChoix) VALUES (8, 8, 'Couleur');
INSERT INTO Affecter (idChoix, idProduit, typeChoix) VALUES (8, 20, 'Capacité');
INSERT INTO Affecter (idChoix, idProduit, typeChoix) VALUES (9, 9, 'Couleur');
INSERT INTO Affecter (idChoix, idProduit, typeChoix) VALUES (10, 10, 'Condition');
INSERT INTO Affecter (idChoix, idProduit, typeChoix) VALUES (11, 11, 'Capacité');
INSERT INTO Affecter (idChoix, idProduit, typeChoix) VALUES (12, 12, 'Capacité');


-- Assigner (temporaire)
INSERT INTO Assigner (idProduit, idCaracteristique, donneeCaracteristique) VALUES (1, 1, 'consectetur');
INSERT INTO Assigner (idProduit, idCaracteristique, donneeCaracteristique) VALUES (2, 2, 'beatae');
INSERT INTO Assigner (idProduit, idCaracteristique, donneeCaracteristique) VALUES (3, 3, 'eveniet');
INSERT INTO Assigner (idProduit, idCaracteristique, donneeCaracteristique) VALUES (4, 4, 'ut');
INSERT INTO Assigner (idProduit, idCaracteristique, donneeCaracteristique) VALUES (5, 5, 'nulla');
INSERT INTO Assigner (idProduit, idCaracteristique, donneeCaracteristique) VALUES (6, 6, 'non');
INSERT INTO Assigner (idProduit, idCaracteristique, donneeCaracteristique) VALUES (7, 7, 'dignissimos');
INSERT INTO Assigner (idProduit, idCaracteristique, donneeCaracteristique) VALUES (8, 8, 'omnis');
INSERT INTO Assigner (idProduit, idCaracteristique, donneeCaracteristique) VALUES (9, 9, 'provident');
INSERT INTO Assigner (idProduit, idCaracteristique, donneeCaracteristique) VALUES (10, 10, 'maiores');
INSERT INTO Assigner (idProduit, idCaracteristique, donneeCaracteristique) VALUES (11, 11, 'corporis');
INSERT INTO Assigner (idProduit, idCaracteristique, donneeCaracteristique) VALUES (12, 12, 'porro');
INSERT INTO Assigner (idProduit, idCaracteristique, donneeCaracteristique) VALUES (13, 13, 'quaerat');
INSERT INTO Assigner (idProduit, idCaracteristique, donneeCaracteristique) VALUES (14, 14, 'dolorem');
INSERT INTO Assigner (idProduit, idCaracteristique, donneeCaracteristique) VALUES (15, 15, 'suscipit');
INSERT INTO Assigner (idProduit, idCaracteristique, donneeCaracteristique) VALUES (16, 16, 'reprehenderit');
INSERT INTO Assigner (idProduit, idCaracteristique, donneeCaracteristique) VALUES (17, 17, 'temporibus');
INSERT INTO Assigner (idProduit, idCaracteristique, donneeCaracteristique) VALUES (18, 18, 'modi');
INSERT INTO Assigner (idProduit, idCaracteristique, donneeCaracteristique) VALUES (19, 19, 'sed');
INSERT INTO Assigner (idProduit, idCaracteristique, donneeCaracteristique) VALUES (20, 20, 'vitae');
INSERT INTO Assigner (idProduit, idCaracteristique, donneeCaracteristique) VALUES (21, 21, 'perspiciatis');
INSERT INTO Assigner (idProduit, idCaracteristique, donneeCaracteristique) VALUES (22, 22, 'nihil');
INSERT INTO Assigner (idProduit, idCaracteristique, donneeCaracteristique) VALUES (23, 23, 'corrupti');
INSERT INTO Assigner (idProduit, idCaracteristique, donneeCaracteristique) VALUES (24, 24, 'voluptatem');
INSERT INTO Assigner (idProduit, idCaracteristique, donneeCaracteristique) VALUES (25, 25, 'deleniti');


-- Recréation des séquences par rapport aux nombres de lignes insérées dans les tables correspondantes
DROP SEQUENCE seq_administrateur;
DROP SEQUENCE seq_client;
DROP SEQUENCE seq_commande;
DROP SEQUENCE seq_panier;
DROP SEQUENCE seq_produit;
CREATE SEQUENCE seq_administrateur START WITH 5 MINVALUE 5;
CREATE SEQUENCE seq_client START WITH 50 MINVALUE 50;
CREATE SEQUENCE seq_commande START WITH 50 MINVALUE 50;
CREATE SEQUENCE seq_panier START WITH 50 MINVALUE 50;
CREATE SEQUENCE seq_produit START WITH 50 MINVALUE 50;